Player,Age,Team,Pos,G,GS,MP,FG,FGA,FG%,3P,3PA,3P%,2P,2PA,2P%,eFG%,FT,FTA,FT%,ORB,DRB,TRB,AST,STL,BLK,TOV,PF,PTS,Awards
Shai Gilgeous-Alexander,26,OKC,PG,56,56,34.2,11.2,21.4,.523,2.1,5.7,.364,9.1,15.7,.580,.571,8.0,8.9,.892,0.9,4.3,5.2,6.2,1.9,1.1,2.6,2.3,32.4,
Giannis Antetokounmpo,30,MIL,PF,45,45,34.2,12.4,20.3,.609,0.2,0.8,.189,12.2,19.5,.626,.613,6.0,10.4,.581,2.2,9.8,12.0,5.8,0.8,1.3,3.4,2.5,31.0,
Nikola JokiÄ,29,DEN,C,52,52,36.0,11.1,19.3,.575,2.0,4.5,.445,9.1,14.8,.614,.627,4.9,6.0,.821,3.0,9.6,12.6,10.4,1.8,0.7,3.2,2.1,29.2,
Anthony Edwards,23,MIN,SG,57,57,36.8,9.1,20.9,.436,4.1,10.2,.406,5.0,10.7,.465,.535,5.1,6.1,.833,0.8,5.2,6.0,4.6,1.2,0.6,3.5,1.9,27.5,
Tyrese Maxey,24,PHI,PG,49,49,37.8,9.4,21.1,.447,3.3,9.4,.349,6.1,11.7,.525,.524,5.0,5.8,.876,0.3,3.1,3.4,6.0,1.8,0.4,2.5,2.3,27.1,
Kevin Durant,36,PHO,PF,45,45,36.8,9.8,18.4,.530,2.4,5.9,.402,7.4,12.6,.589,.593,5.0,6.1,.828,0.4,5.7,6.0,4.3,0.9,1.4,3.0,1.7,26.9,
Jayson Tatum,26,BOS,PF,55,55,36.4,9.0,19.9,.452,3.6,10.1,.354,5.4,9.8,.553,.542,5.1,6.3,.801,0.6,8.1,8.7,5.8,1.1,0.5,2.8,2.2,26.6,
Luka DonÄiÄ,25,LAL,PG,5,5,29.2,6.4,16.8,.381,2.0,8.0,.250,4.4,8.8,.500,.440,4.2,5.6,.750,1.2,7.8,9.0,7.0,1.8,0.8,3.0,3.0,19.0,
LaMelo Ball,23,CHO,PG,36,36,32.3,9.1,22.1,.411,3.9,11.6,.333,5.2,10.4,.497,.498,4.3,5.2,.830,0.9,4.1,5.1,7.1,1.3,0.3,3.4,3.2,26.3,
Devin Booker,28,PHO,SG,52,52,37.2,8.6,19.0,.455,2.6,7.6,.344,6.0,11.4,.530,.524,6.3,7.0,.896,1.0,3.0,4.0,6.8,1.1,0.3,2.7,2.6,26.2,
Jalen Brunson,28,NYK,PG,56,56,35.2,9.0,18.4,.491,2.3,5.9,.395,6.7,12.5,.536,.554,5.6,6.8,.820,0.4,2.4,2.9,7.4,0.9,0.1,2.5,2.2,26.0,
Cade Cunningham,23,DET,PG,53,53,35.5,9.6,20.8,.460,2.3,6.4,.365,7.2,14.4,.502,.516,4.3,5.0,.850,0.8,5.5,6.3,9.5,1.0,0.8,4.4,2.6,25.8,
Anthony Davis,31,DAL,PF,1,1,31.0,10.0,18.0,.556,2.0,2.0,1.000,8.0,16.0,.500,.611,4.0,6.0,.667,4.0,12.0,16.0,7.0,0.0,3.0,1.0,0.0,26.0,
Damian Lillard,34,MIL,PG,47,47,36.4,7.8,17.6,.446,3.5,9.2,.380,4.3,8.4,.518,.545,6.3,6.9,.917,0.6,4.1,4.7,7.4,1.2,0.2,2.9,1.7,25.5,
Kyrie Irving,32,DAL,SG,47,47,36.6,9.0,19.0,.475,3.0,7.3,.411,6.1,11.8,.515,.554,3.9,4.2,.910,1.2,3.6,4.8,4.7,1.3,0.4,2.3,2.1,24.9,
Franz Wagner,23,ORL,SF,40,40,33.2,9.1,19.6,.466,1.9,6.2,.308,7.2,13.4,.539,.515,4.8,5.6,.852,1.0,4.7,5.7,4.9,1.4,0.5,2.3,2.6,24.9,
Karl-Anthony Towns,29,NYK,C,52,52,35.1,9.0,16.9,.532,2.1,4.8,.432,6.9,12.1,.571,.593,4.8,5.7,.837,3.1,10.4,13.5,3.2,1.0,0.8,2.6,3.5,24.8,
LeBron James,40,LAL,SF,52,52,34.6,9.5,18.3,.520,2.3,5.7,.396,7.2,12.5,.577,.582,3.4,4.5,.768,0.9,6.9,7.8,8.7,0.9,0.6,3.9,1.4,24.7,
Cam Thomas,23,BRK,SG,19,17,32.3,7.9,17.7,.448,2.8,7.6,.375,5.1,10.2,.503,.528,5.9,6.8,.876,0.5,3.1,3.6,3.4,0.7,0.1,2.7,1.9,24.7,
De'Aaron Fox,27,SAS,PG,9,9,35.3,7.6,17.1,.442,1.6,5.7,.275,6.0,11.4,.524,.487,4.3,5.6,.780,0.7,3.9,4.6,7.2,2.4,0.3,2.8,3.0,21.0,
Victor Wembanyama,21,SAS,C,46,46,33.2,8.9,18.6,.476,3.1,8.8,.352,5.8,9.9,.586,.559,3.4,4.1,.836,1.8,9.2,11.0,3.7,1.1,3.8,3.2,2.3,24.3,
Norman Powell,31,LAC,SG,45,45,33.6,8.4,17.0,.496,3.4,7.8,.428,5.1,9.1,.555,.595,4.0,4.9,.819,0.4,3.2,3.6,2.2,1.3,0.2,2.1,1.9,24.2,
Zion Williamson,24,NOP,PF,21,21,28.2,9.3,16.9,.551,0.1,0.6,.250,9.1,16.3,.561,.555,5.5,8.5,.646,2.8,4.6,7.4,4.7,1.3,0.9,3.1,2.9,24.2,
Tyler Herro,25,MIA,SG,54,54,35.7,8.3,18.0,.461,3.6,9.8,.372,4.7,8.3,.566,.562,3.7,4.3,.863,0.4,5.2,5.5,5.6,0.8,0.1,2.7,1.3,24.0,
Donovan Mitchell,28,CLE,SG,55,55,31.1,8.4,18.5,.455,3.6,9.1,.395,4.9,9.5,.513,.552,3.5,4.3,.818,0.7,3.5,4.3,4.8,1.3,0.2,2.0,2.0,24.0,
Trae Young,26,ATL,PG,54,54,36.3,7.4,18.2,.407,3.0,8.9,.333,4.4,9.3,.478,.488,6.2,7.3,.855,0.5,2.6,3.1,11.5,1.2,0.2,4.9,2.1,24.0,
Zach LaVine,29,SAC,SG,8,8,36.0,8.1,16.6,.489,2.8,7.8,.355,5.4,8.9,.606,.571,4.0,4.4,.914,0.3,3.0,3.3,4.4,1.0,0.1,2.8,1.8,23.0,
Joel Embiid,30,PHI,C,19,19,30.2,7.4,16.6,.444,1.2,4.1,.299,6.2,12.5,.492,.481,7.8,8.9,.882,1.9,6.3,8.2,4.5,0.7,0.9,3.3,2.2,23.8,
Stephen Curry,36,GSW,PG,49,49,32.0,7.8,17.8,.439,4.3,11.1,.387,3.6,6.8,.524,.559,3.4,3.6,.927,0.5,3.9,4.4,6.1,1.0,0.4,2.8,1.3,23.3,
Paolo Banchero,22,ORL,PF,26,26,33.0,7.9,18.9,.419,1.7,5.7,.293,6.3,13.3,.472,.462,5.5,8.1,.678,1.1,5.9,7.0,4.8,0.6,0.8,3.0,2.1,23.0,
Jaylen Brown,28,BOS,SF,49,49,35.1,8.6,18.4,.464,1.9,6.0,.317,6.7,12.4,.534,.516,3.9,5.2,.756,1.4,4.6,6.1,4.7,1.2,0.3,2.7,2.5,22.9,
Jaren Jackson Jr.,25,MEM,C,56,56,29.7,8.3,16.6,.497,1.9,5.2,.361,6.4,11.4,.559,.553,4.5,5.9,.768,1.4,4.6,6.0,2.2,1.3,1.7,2.2,3.5,22.9,
Brandon Ingram,27,NOP,SF,18,18,33.1,8.6,18.5,.465,2.4,6.4,.374,6.2,12.1,.514,.530,2.6,3.1,.855,0.9,4.6,5.6,5.2,0.9,0.6,3.8,2.5,22.2,
Trey Murphy III,24,NOP,SF,42,40,35.7,7.5,16.3,.458,3.2,8.5,.374,4.3,7.8,.549,.555,4.1,4.6,.886,0.9,4.4,5.2,3.7,1.2,0.7,1.8,2.2,22.2,
DeMar DeRozan,35,SAC,SF,52,52,35.8,8.1,16.5,.489,1.1,3.0,.357,7.0,13.5,.518,.521,4.9,5.6,.873,0.5,3.4,3.9,3.8,1.0,0.4,1.3,1.9,22.1,
RJ Barrett,24,TOR,SF,45,45,33.2,8.2,17.2,.479,1.9,5.3,.359,6.4,12.0,.532,.534,3.5,5.4,.649,1.0,5.5,6.5,5.6,0.9,0.3,3.0,2.5,21.9,
CJ McCollum,33,NOP,PG,44,44,33.2,8.2,18.2,.451,3.1,8.2,.375,5.1,10.0,.512,.535,2.5,3.4,.725,0.7,3.1,3.8,3.9,0.8,0.5,1.8,2.3,21.9,
Jalen Green,22,HOU,SG,58,58,33.4,7.6,17.8,.427,3.0,8.3,.358,4.7,9.6,.486,.510,3.4,4.1,.831,0.6,3.8,4.4,3.1,0.8,0.3,2.6,1.6,21.6,
James Harden,35,LAC,PG,54,54,34.5,6.3,16.1,.392,2.9,8.4,.341,3.5,7.8,.448,.481,6.1,7.0,.878,0.7,5.3,5.9,8.6,1.5,0.6,4.6,2.1,21.6,
Darius Garland,25,CLE,PG,54,54,30.1,7.6,15.5,.493,2.9,6.9,.425,4.7,8.5,.549,.589,3.1,3.6,.871,0.6,2.0,2.5,6.7,1.2,0.2,2.5,2.0,21.3,
Jamal Murray,27,DEN,PG,51,51,35.9,7.9,16.6,.475,2.4,5.9,.400,5.5,10.7,.516,.546,3.0,3.5,.870,0.6,3.2,3.8,6.1,1.4,0.5,2.2,2.0,21.1,
Brandon Miller,22,CHO,SF,27,27,34.2,7.3,18.2,.403,3.9,10.9,.355,3.5,7.3,.475,.509,2.5,2.9,.861,0.9,3.9,4.9,3.6,1.1,0.7,2.8,2.7,21.0,
Jordan Poole,25,WAS,SG,50,50,31.3,6.8,16.3,.418,3.5,9.4,.371,3.3,6.9,.481,.525,3.9,4.4,.873,0.5,2.7,3.2,4.8,1.4,0.5,3.3,3.2,21.0,
Jalen Williams,23,OKC,SG,54,54,32.7,8.1,17.0,.476,1.7,5.0,.351,6.4,12.0,.528,.527,3.1,3.9,.778,0.9,4.6,5.5,5.1,1.7,0.7,2.3,2.4,21.0,
Ja Morant,25,MEM,PG,36,36,29.3,7.1,16.3,.434,1.5,5.1,.297,5.6,11.2,.496,.480,5.1,6.2,.830,0.6,3.5,4.1,7.4,1.2,0.3,3.9,2.1,20.8,
Pascal Siakam,30,IND,PF,56,56,33.0,7.8,15.0,.520,1.7,4.2,.402,6.1,10.9,.566,.576,3.1,4.1,.763,1.8,5.6,7.3,3.3,0.9,0.5,1.3,2.6,20.4,
Domantas Sabonis,28,SAC,C,54,54,35.9,7.9,13.1,.599,1.1,2.4,.445,6.8,10.8,.632,.639,3.2,4.3,.747,4.1,10.4,14.5,6.3,0.6,0.4,3.0,3.5,20.0,
Scottie Barnes,23,TOR,PF,45,45,34.7,7.5,16.8,.448,1.3,4.9,.264,6.2,11.9,.524,.487,3.6,4.7,.776,1.5,6.3,7.8,6.2,1.4,1.1,2.9,2.0,19.9,
Miles Bridges,26,CHO,PF,43,43,31.8,7.2,16.7,.431,2.2,6.9,.319,5.0,9.9,.508,.496,3.3,3.8,.866,1.1,6.5,7.7,3.6,0.8,0.6,2.1,1.5,19.9,
Lauri Markkanen,27,UTA,PF,43,43,32.1,6.4,15.0,.425,2.9,8.4,.347,3.4,6.5,.527,.523,3.6,4.2,.872,1.7,4.5,6.1,1.6,0.8,0.4,1.4,1.8,19.3,
Kristaps PorziÅÄ£is,29,BOS,C,31,31,29.0,6.5,13.7,.476,2.4,6.1,.399,4.1,7.6,.538,.565,3.7,4.5,.823,1.6,5.3,6.9,2.0,0.8,1.6,1.2,2.8,19.2,
Austin Reaves,26,LAL,SG,51,51,34.7,6.2,13.9,.446,2.6,7.1,.360,3.6,6.8,.536,.538,4.3,4.9,.865,0.8,3.5,4.3,6.1,1.1,0.3,2.5,2.0,19.2,
Cameron Johnson,28,BRK,PF,42,42,31.9,6.3,13.1,.485,3.0,7.5,.406,3.3,5.6,.589,.600,3.4,3.8,.899,0.8,3.3,4.1,2.9,0.8,0.5,1.6,1.8,19.1,
Alperen ÅengÃ¼n,22,HOU,C,55,55,31.3,7.5,15.4,.488,0.3,1.4,.228,7.2,14.0,.514,.498,3.8,5.4,.695,3.3,7.2,10.5,4.8,1.2,0.8,2.4,2.8,19.1,
Nikola VuÄeviÄ,34,CHI,C,56,56,32.1,7.8,14.6,.533,1.8,4.6,.387,6.0,10.1,.599,.593,1.8,2.1,.817,2.3,7.9,10.3,3.4,0.9,0.7,1.7,2.4,19.1,
Jalen Johnson,23,ATL,SF,36,36,35.7,7.5,15.1,.500,1.2,3.9,.312,6.3,11.1,.566,.541,2.6,3.5,.746,1.7,8.3,10.0,5.0,1.6,1.0,2.9,1.9,18.9,
Julius Randle,30,MIN,PF,48,48,32.6,6.6,14.0,.470,1.5,4.6,.321,5.1,9.4,.542,.522,4.2,5.2,.811,2.1,5.0,7.2,4.5,0.7,0.2,2.8,2.5,18.9,
Evan Mobley,23,CLE,PF,52,52,30.0,7.2,12.6,.571,1.1,2.9,.367,6.2,9.8,.631,.613,3.2,4.2,.757,2.2,7.0,9.3,3.1,0.9,1.6,1.9,2.0,18.7,
Anfernee Simons,25,POR,SG,54,54,32.3,6.6,15.5,.424,3.0,8.2,.368,3.6,7.3,.487,.521,2.5,2.8,.894,0.3,2.4,2.7,5.0,0.8,0.1,2.1,1.8,18.7,
Michael Porter Jr.,26,DEN,SF,55,55,33.1,7.1,13.7,.516,2.6,6.3,.410,4.5,7.5,.605,.609,1.9,2.5,.750,1.8,4.9,6.7,2.2,0.6,0.5,1.3,1.8,18.6,
John Collins,27,UTA,PF,37,28,30.6,6.7,12.7,.527,1.4,3.5,.414,5.3,9.3,.569,.583,3.5,4.1,.855,2.1,5.9,8.1,2.1,1.0,1.1,2.6,2.9,18.4,
De'Andre Hunter,27,CLE,SF,6,1,24.7,4.5,9.0,.500,2.8,5.0,.567,1.7,4.0,.417,.657,2.2,2.7,.813,0.3,3.2,3.5,1.0,0.3,0.2,0.8,2.5,14.0,
Collin Sexton,26,UTA,SG,46,44,28.5,6.5,13.6,.478,1.9,4.6,.412,4.6,9.0,.511,.547,3.5,3.9,.894,1.1,1.8,2.9,4.1,0.7,0.1,2.5,2.3,18.3,
Desmond Bane,26,MEM,SG,47,46,31.0,6.8,13.8,.489,2.2,5.8,.383,4.5,8.0,.566,.570,2.3,2.7,.866,0.9,4.9,5.7,5.5,1.2,0.4,2.5,2.4,18.1,
Tyrese Haliburton,24,IND,PG,55,55,34.0,6.3,13.8,.456,3.0,7.9,.374,3.3,5.9,.567,.563,2.6,3.0,.855,0.6,2.9,3.5,8.7,1.4,0.6,1.8,1.4,18.1,
Bradley Beal,31,PHO,SG,41,26,33.0,6.9,13.6,.504,2.0,5.0,.407,4.9,8.7,.561,.579,2.3,2.8,.816,0.7,2.9,3.6,3.6,1.1,0.6,2.0,2.7,18.0,
Coby White,24,CHI,SG,51,50,32.6,6.1,14.2,.428,3.0,8.0,.368,3.1,6.1,.506,.533,2.9,3.3,.898,0.3,3.0,3.3,4.7,0.9,0.2,2.4,2.2,18.0,
Malik Monk,26,SAC,SG,49,36,32.6,6.6,15.0,.439,2.2,6.9,.322,4.3,8.1,.539,.514,2.5,2.8,.878,0.4,3.3,3.8,5.9,1.0,0.7,2.3,2.7,17.9,
Andrew Wiggins,29,MIA,SF,5,5,36.6,5.8,15.4,.377,2.0,6.6,.303,3.8,8.8,.432,.442,4.8,5.8,.828,2.0,3.4,5.4,2.8,1.0,1.2,2.6,2.0,18.4,
Jaden Ivey,22,DET,SG,30,30,29.9,6.3,13.8,.460,2.1,5.1,.409,4.2,8.6,.490,.536,2.8,3.9,.733,1.3,2.8,4.1,4.0,0.9,0.4,3.0,2.2,17.6,
Mikal Bridges,28,NYK,SF,57,57,37.9,7.2,14.8,.489,2.3,6.3,.357,4.9,8.4,.588,.565,0.8,1.1,.742,0.9,2.2,3.2,3.3,1.0,0.5,1.5,1.5,17.5,
Dejounte Murray,28,NOP,PG,31,31,32.6,6.3,15.9,.393,1.7,5.6,.299,4.6,10.3,.444,.445,3.3,4.0,.823,0.5,5.9,6.5,7.4,2.0,0.4,3.4,2.0,17.5,
Jimmy Butler,35,GSW,SF,7,7,29.7,5.4,11.9,.458,0.1,1.6,.091,5.3,10.3,.514,.464,7.0,8.0,.875,3.1,2.9,6.0,5.4,1.4,0.3,0.9,1.3,18.0,
Jordan Clarkson,32,UTA,SG,31,8,26.5,5.8,13.8,.418,2.5,6.5,.380,3.3,7.4,.452,.507,3.1,3.8,.805,0.7,2.6,3.3,3.8,0.8,0.3,2.0,1.6,17.1,
Bam Adebayo,27,MIA,C,54,54,34.1,6.5,13.7,.476,0.8,2.6,.302,5.8,11.2,.516,.504,3.0,4.1,.738,2.6,7.4,10.0,4.3,1.2,0.7,2.2,2.2,16.9,
Keyonte George,21,UTA,PG,47,32,31.6,5.5,13.7,.399,2.7,7.7,.345,2.8,6.0,.468,.496,3.3,4.1,.799,0.4,3.3,3.7,5.9,0.7,0.2,2.9,1.8,16.9,
Kawhi Leonard,33,LAC,SF,16,16,26.4,6.7,14.6,.459,1.7,4.5,.375,5.0,10.1,.497,.517,1.8,2.2,.829,0.6,4.0,4.6,2.8,1.1,0.4,2.1,1.4,16.9,
Shaedon Sharpe,21,POR,SG,50,31,29.6,6.3,14.2,.444,2.0,6.2,.318,4.4,8.1,.541,.513,2.3,2.9,.801,0.7,3.0,3.7,2.5,0.8,0.2,1.8,1.7,16.9,
Jonathan Kuminga,22,GSW,PF,32,10,26.0,6.1,13.2,.459,1.3,3.6,.345,4.8,9.6,.502,.506,3.4,5.3,.639,1.4,3.6,5.0,2.2,0.9,0.6,1.6,1.9,16.8,
Malik Beasley,28,DET,SG,58,12,27.5,5.7,13.0,.440,3.9,9.3,.423,1.8,3.6,.483,.592,1.1,1.7,.667,0.6,2.3,2.8,1.7,1.0,0.0,1.1,1.5,16.5,
Bennedict Mathurin,22,IND,SF,54,44,31.0,5.7,12.0,.477,1.4,4.1,.350,4.3,8.0,.542,.536,3.4,4.1,.824,1.2,4.3,5.5,1.9,0.6,0.4,1.9,2.4,16.3,
Derrick White,30,BOS,SG,55,55,33.6,5.5,12.4,.446,3.4,8.8,.388,2.1,3.7,.584,.583,1.8,2.1,.845,0.9,3.5,4.4,4.3,0.9,1.1,1.6,1.8,16.3,
Paul George,34,PHI,PF,38,38,32.2,6.0,13.8,.432,2.3,6.5,.355,3.7,7.3,.500,.515,1.9,2.4,.813,0.6,4.6,5.2,4.2,1.8,0.5,2.5,2.4,16.2,
Jalen Suggs,23,ORL,PG,35,35,28.6,5.6,13.7,.410,2.2,6.9,.314,3.5,6.8,.506,.489,2.8,3.1,.882,0.7,3.4,4.0,3.7,1.5,0.9,2.9,2.8,16.2,
OG Anunoby,27,NYK,PF,51,51,36.1,6.0,12.5,.478,2.1,5.7,.364,3.9,6.8,.573,.561,1.9,2.4,.798,1.3,3.3,4.6,2.0,1.4,0.8,1.3,2.3,16.0,
Immanuel Quickley,25,TOR,PG,19,19,28.0,5.2,12.4,.415,2.4,6.2,.381,2.8,6.2,.449,.511,3.1,3.5,.881,0.3,2.9,3.2,5.6,0.6,0.2,1.9,1.8,15.8,
Devin Vassell,24,SAS,SG,41,30,30.3,5.8,13.7,.426,2.1,6.2,.344,3.7,7.4,.495,.504,1.6,2.1,.788,0.6,2.9,3.4,2.8,1.2,0.5,1.4,1.5,15.4,
Ivica Zubac,27,LAC,C,55,55,32.0,6.8,11.1,.612,0.0,0.0,,6.8,11.1,.612,.612,1.8,2.8,.641,3.8,8.8,12.6,2.5,0.8,1.2,1.7,2.0,15.4,
Chet Holmgren,22,OKC,C,15,15,26.5,5.3,10.6,.503,1.4,3.5,.396,3.9,7.1,.557,.569,3.3,4.3,.754,1.7,6.4,8.1,1.7,0.9,2.9,2.1,2.0,15.3,
Jared McCain,20,PHI,SG,23,8,25.7,5.5,11.9,.460,2.2,5.8,.383,3.3,6.1,.532,.553,2.1,2.4,.875,0.6,1.9,2.4,2.6,0.7,0.0,1.6,1.6,15.3,
Myles Turner,28,IND,C,49,49,30.8,5.4,11.6,.468,2.1,5.4,.392,3.3,6.2,.535,.559,2.4,3.1,.766,1.2,5.3,6.5,1.6,0.9,1.9,1.9,2.8,15.3,
Kyle Kuzma,29,MIL,PF,8,7,34.1,5.4,12.9,.417,1.5,5.1,.293,3.9,7.8,.500,.476,3.0,4.5,.667,0.9,6.4,7.3,2.5,0.5,0.1,2.5,2.6,15.3,
Mark Williams,23,CHO,C,26,23,25.0,5.8,10.2,.571,0.0,0.0,.000,5.8,10.2,.574,.571,3.3,4.2,.789,3.2,6.3,9.5,2.3,0.7,1.2,1.1,2.5,15.0,
Christian Braun,23,DEN,SG,57,55,33.1,5.8,10.1,.575,0.9,2.6,.367,4.8,7.5,.646,.622,2.3,2.8,.826,1.3,3.8,5.1,2.2,1.1,0.5,1.0,2.2,14.9,
Naz Reid,25,MIN,C,58,11,27.3,5.5,11.5,.477,2.2,5.6,.400,3.2,5.9,.551,.575,1.7,2.0,.821,1.1,4.8,5.8,2.1,0.7,0.9,1.2,2.4,14.9,
Deni Avdija,24,POR,SF,55,37,28.8,4.9,10.6,.462,1.5,4.3,.339,3.4,6.2,.548,.532,3.6,4.7,.766,1.2,5.1,6.4,3.5,1.0,0.5,2.4,2.4,14.8,
Josh Hart,29,NYK,SG,54,54,37.8,5.7,10.3,.556,1.1,3.2,.337,4.6,7.0,.657,.609,2.3,2.8,.817,2.2,7.4,9.7,5.8,1.5,0.4,2.0,2.6,14.8,
Gradey Dick,21,TOR,SG,51,51,29.6,5.0,12.2,.413,2.1,6.1,.349,2.9,6.0,.477,.501,2.6,3.0,.868,0.8,2.7,3.5,1.8,0.9,0.2,1.6,2.3,14.7,
Kelly Oubre Jr.,29,PHI,SF,54,51,34.7,5.6,12.1,.465,1.1,4.0,.276,4.5,8.1,.558,.511,2.2,2.9,.763,1.7,4.7,6.4,1.8,1.5,0.5,1.3,3.0,14.6,
Fred VanVleet,30,HOU,PG,45,45,35.5,5.0,13.0,.387,2.7,7.8,.344,2.4,5.3,.450,.489,1.9,2.3,.824,0.7,3.2,3.9,5.8,1.6,0.4,1.6,2.4,14.6,
Deandre Ayton,26,POR,C,40,40,30.2,6.6,11.7,.566,0.2,0.8,.188,6.5,10.9,.594,.573,1.0,1.5,.667,3.1,7.1,10.2,1.6,0.8,1.0,1.7,2.2,14.4,
Jerami Grant,30,POR,PF,44,44,32.4,4.6,12.2,.375,2.3,6.2,.371,2.3,6.0,.380,.469,2.9,3.5,.842,0.6,2.8,3.4,2.3,0.9,1.0,1.4,2.3,14.4,
Jakob Poeltl,29,TOR,C,45,44,30.9,6.2,10.2,.610,0.0,0.0,.000,6.2,10.2,.613,.610,1.7,2.6,.658,3.5,6.6,10.1,2.8,1.2,1.3,1.9,3.3,14.2,
P.J. Washington,26,DAL,PF,46,45,32.6,5.1,11.7,.435,1.6,4.2,.381,3.5,7.5,.465,.504,2.4,3.2,.745,1.6,6.5,8.2,2.4,1.2,1.1,1.9,2.4,14.2,
Tre Mann,23,CHO,PG,13,0,24.5,5.4,12.4,.435,1.8,4.6,.400,3.5,7.8,.455,.509,1.5,1.6,.905,0.9,2.0,2.9,3.0,0.5,0.3,1.9,1.8,14.1,
Payton Pritchard,27,BOS,PG,57,0,27.9,4.9,10.6,.468,3.2,7.8,.409,1.7,2.7,.639,.620,0.9,1.1,.836,1.3,2.5,3.8,3.5,0.9,0.2,1.0,1.6,14.0,
Dyson Daniels,21,ATL,SG,53,53,34.0,5.8,12.3,.472,1.1,3.3,.333,4.7,9.0,.523,.517,1.2,1.9,.618,1.7,4.0,5.6,4.0,3.1,0.8,1.8,2.5,13.9,
Klay Thompson,34,DAL,SF,51,51,27.3,5.0,12.0,.417,3.1,7.8,.398,1.9,4.3,.452,.546,0.8,0.9,.889,0.7,2.9,3.5,2.0,0.8,0.5,1.4,1.3,13.9,
Amen Thompson,22,HOU,SF,55,28,32.2,5.3,9.8,.547,0.3,1.3,.271,5.0,8.5,.589,.565,2.8,3.9,.708,2.7,5.5,8.1,3.5,1.4,1.3,2.1,2.4,13.8,
Dennis SchrÃ¶der,31,DET,PG,6,0,18.2,2.3,7.5,.311,0.8,3.3,.250,1.5,4.2,.360,.367,2.7,3.2,.842,0.0,1.8,1.8,4.2,0.3,0.2,1.2,1.7,8.2,
Tobias Harris,32,DET,PF,56,56,32.1,5.3,11.3,.470,1.2,3.7,.330,4.1,7.5,.539,.525,1.9,2.2,.871,0.9,5.0,5.9,2.3,0.9,0.8,1.1,1.9,13.7,
Bobby Portis,29,MIL,PF,46,7,25.2,5.6,12.1,.463,1.3,3.6,.364,4.3,8.5,.505,.517,1.2,1.5,.821,1.8,6.5,8.3,2.2,0.7,0.5,1.2,1.9,13.7,
Jarrett Allen,26,CLE,C,58,58,28.6,5.6,7.9,.705,0.0,0.1,.000,5.6,7.8,.709,.705,2.4,3.2,.734,2.7,7.6,10.3,1.9,0.9,0.9,1.2,1.5,13.5,
Rui Hachimura,26,LAL,PF,49,49,32.4,5.1,10.1,.508,1.7,4.1,.413,3.4,6.0,.573,.592,1.5,2.0,.765,1.5,3.8,5.3,1.5,0.8,0.5,0.9,1.9,13.5,
Dillon Brooks,29,HOU,SF,55,55,32.3,4.8,11.7,.415,2.4,6.1,.390,2.5,5.6,.442,.516,1.4,1.7,.826,1.2,2.8,4.0,1.7,0.8,0.2,1.0,3.5,13.4,
Aaron Gordon,29,DEN,PF,35,26,26.9,4.7,9.0,.519,1.2,2.9,.430,3.4,6.1,.561,.588,2.5,3.1,.796,1.6,3.3,4.9,3.2,0.5,0.2,1.2,1.5,13.0,
D'Angelo Russell,28,BRK,PG,17,14,24.1,4.4,11.4,.381,2.0,6.3,.318,2.4,5.1,.460,.469,3.1,3.5,.883,0.4,2.5,2.8,5.8,1.2,0.8,2.2,2.1,13.8,
Josh Giddey,22,CHI,PG,54,54,29.0,4.8,10.5,.457,1.4,3.9,.370,3.3,6.6,.508,.526,1.9,2.4,.785,1.7,5.7,7.4,6.4,1.1,0.6,2.7,1.7,12.9,
Moritz Wagner,27,ORL,C,30,1,18.8,4.7,8.3,.562,0.9,2.5,.360,3.8,5.8,.649,.616,2.6,3.7,.718,1.3,3.6,4.9,1.4,0.8,0.4,1.6,1.8,12.9,
Santi Aldama,24,MEM,PF,50,11,24.9,5.0,10.1,.491,1.9,4.8,.390,3.1,5.3,.583,.584,1.0,1.4,.700,1.6,5.1,6.7,2.7,0.8,0.6,1.0,1.0,12.8,
Russell Westbrook,36,DEN,PG,51,27,27.5,4.8,10.4,.468,1.2,3.5,.328,3.7,6.8,.540,.524,2.0,3.1,.638,1.4,3.6,5.0,6.3,1.4,0.5,3.1,2.5,12.8,
Malcolm Brogdon,32,WAS,PG,24,13,23.5,4.3,10.0,.433,0.7,2.3,.286,3.7,7.7,.478,.467,3.4,3.8,.880,0.9,2.9,3.8,4.1,0.5,0.2,1.6,1.3,12.7,
Stephon Castle,20,SAS,PG,55,29,25.0,4.5,10.8,.412,1.1,3.7,.282,3.4,7.1,.481,.461,2.5,3.4,.729,0.8,2.1,2.9,3.4,0.9,0.3,1.9,1.8,12.5,
Scoot Henderson,20,POR,PG,50,9,26.5,4.3,9.9,.433,1.5,4.2,.367,2.7,5.7,.482,.511,2.4,3.1,.784,0.7,2.3,3.0,5.3,1.1,0.2,2.6,2.7,12.5,
Brook Lopez,36,MIL,C,56,56,31.8,4.6,9.7,.480,1.9,5.1,.368,2.8,4.6,.603,.577,1.3,1.6,.831,1.3,3.6,4.9,1.7,0.7,2.0,1.0,2.2,12.5,
Khris Middleton,33,WAS,SF,2,2,25.0,3.0,8.0,.375,1.0,3.5,.286,2.0,4.5,.444,.438,2.5,2.5,1.000,0.0,4.0,4.0,3.5,1.5,0.5,2.5,3.0,9.5,
Bilal Coulibaly,20,WAS,SF,53,53,33.3,4.5,10.7,.418,1.1,3.9,.283,3.4,6.8,.494,.469,2.4,3.2,.762,1.5,3.5,5.0,3.5,1.3,0.7,2.1,2.5,12.4,
Ayo Dosunmu,25,CHI,SG,45,26,30.5,4.8,9.8,.491,1.4,4.2,.332,3.4,5.6,.609,.561,1.4,1.7,.792,0.6,2.9,3.5,4.6,0.9,0.4,1.5,2.3,12.3,
Daniel Gafford,26,DAL,C,51,28,21.9,5.0,7.1,.699,0.0,0.0,,5.0,7.1,.699,.699,2.4,3.4,.699,2.7,4.1,6.9,1.4,0.4,1.9,1.2,2.7,12.3,
Onyeka Okongwu,24,ATL,C,51,17,25.8,4.9,8.5,.573,0.5,1.6,.277,4.4,6.9,.643,.599,2.1,2.9,.730,2.8,5.2,8.0,2.2,0.8,0.9,1.0,2.4,12.3,
Keldon Johnson,25,SAS,SF,53,0,23.4,4.5,9.5,.473,1.1,3.5,.321,3.4,6.0,.563,.533,1.9,2.5,.758,1.3,3.1,4.4,1.5,0.6,0.2,0.9,1.5,12.0,
Jaden McDaniels,24,MIN,PF,59,59,32.3,4.6,9.9,.468,1.3,3.8,.327,3.4,6.1,.556,.531,1.4,1.7,.833,1.6,4.2,5.8,1.8,1.4,0.9,1.2,2.9,12.0,
Keegan Murray,24,SAC,PF,54,54,34.8,4.6,10.6,.437,1.8,5.6,.327,2.8,5.0,.559,.523,0.9,1.0,.821,2.1,4.9,7.0,1.4,0.9,0.9,0.9,2.6,12.0,
Daeqwon Plowden,26,ATL,SG,2,0,16.5,4.0,5.0,.800,3.0,4.0,.750,1.0,1.0,1.000,1.100,1.0,1.0,1.000,1.5,1.0,2.5,0.0,0.0,0.0,0.5,2.5,12.0,
Terry Rozier,30,MIA,PG,49,21,27.9,4.4,10.9,.404,1.6,5.1,.306,2.8,5.8,.493,.477,1.6,1.9,.859,0.8,3.3,4.0,2.8,0.6,0.3,1.3,1.3,12.0,
Ty Jerome,27,CLE,SG,54,2,19.2,4.3,8.3,.522,1.6,3.5,.444,2.8,4.8,.580,.617,1.6,1.9,.881,0.7,1.7,2.5,3.4,1.2,0.0,1.3,1.5,11.8,
Jabari Smith Jr.,21,HOU,PF,36,34,31.1,4.1,9.4,.429,1.7,4.8,.356,2.3,4.6,.506,.521,1.9,2.3,.864,1.8,4.7,6.5,1.0,0.3,0.9,1.1,2.4,11.8,
Harrison Barnes,32,SAS,PF,56,56,27.8,4.0,8.1,.490,1.7,4.0,.413,2.3,4.1,.565,.592,2.0,2.6,.797,1.4,2.7,4.1,1.8,0.4,0.2,0.6,0.9,11.7,
Alex Sarr,19,WAS,C,43,43,26.9,4.4,11.2,.394,1.5,4.8,.312,2.9,6.4,.455,.460,1.4,2.2,.621,1.8,4.9,6.6,2.2,0.7,1.6,1.4,2.4,11.7,
Buddy Hield,32,GSW,SG,58,22,23.4,4.2,10.1,.415,2.6,6.9,.370,1.6,3.2,.514,.542,0.7,0.8,.809,0.6,2.7,3.3,1.6,0.9,0.3,1.2,1.8,11.6,
Corey Kispert,25,WAS,SF,52,0,26.7,4.3,9.4,.453,2.0,5.5,.361,2.3,3.9,.580,.558,1.1,1.3,.866,0.7,2.3,3.0,1.7,0.5,0.2,1.1,1.6,11.6,
Tari Eason,23,HOU,PF,38,6,24.4,4.5,9.3,.482,1.0,3.0,.345,3.5,6.4,.545,.537,1.5,2.0,.750,2.2,4.1,6.2,1.2,1.9,0.9,1.0,2.5,11.5,
Zaccharie Risacher,19,ATL,SF,51,49,24.0,4.2,10.0,.424,1.4,4.2,.329,2.9,5.8,.493,.493,1.5,2.1,.725,1.3,2.3,3.5,1.3,0.8,0.5,1.0,1.9,11.4,
Jeremy Sochan,21,SAS,PF,37,19,25.9,4.6,8.6,.541,0.5,1.5,.333,4.1,7.1,.586,.571,1.6,2.2,.699,2.4,4.6,7.1,2.5,0.9,0.6,1.6,2.4,11.4,
Jaylen Wells,21,MEM,SG,58,53,25.8,4.0,8.9,.451,1.9,5.0,.382,2.1,4.0,.537,.557,1.4,1.8,.824,1.1,2.2,3.2,1.6,0.6,0.1,0.9,1.8,11.4,
Walker Kessler,23,UTA,C,44,44,30.5,4.8,6.7,.720,0.0,0.1,.333,4.8,6.6,.728,.723,1.4,2.7,.538,4.6,7.5,12.1,1.6,0.6,2.4,1.5,2.3,11.2,
Naji Marshall,27,DAL,SF,46,14,24.7,4.4,8.7,.505,0.9,3.0,.309,3.5,5.7,.606,.558,1.5,1.8,.854,1.0,3.1,4.0,2.5,1.0,0.2,1.4,1.6,11.2,
Jalen Duren,21,DET,C,55,55,25.8,4.6,6.7,.694,0.0,0.0,,4.6,6.7,.694,.694,1.8,2.7,.685,3.6,6.7,10.3,2.6,0.7,1.1,1.8,3.1,11.1,
Aaron Wiggins,26,OKC,SG,57,19,22.1,4.3,8.7,.499,1.6,4.1,.388,2.8,4.6,.597,.590,0.9,1.0,.862,1.1,2.6,3.7,1.6,0.8,0.3,0.8,1.4,11.1,
Grayson Allen,29,PHO,SG,47,3,25.2,3.5,7.9,.450,2.5,5.8,.436,1.0,2.0,.490,.611,1.4,1.7,.817,0.6,2.7,3.3,2.1,0.9,0.3,1.1,1.6,11.0,
Donte DiVincenzo,28,MIN,SG,40,8,26.4,3.7,9.3,.397,2.6,7.0,.369,1.1,2.4,.479,.535,1.0,1.3,.820,0.6,3.1,3.7,3.6,1.2,0.2,1.8,1.6,11.0,
Rudy Gobert,32,MIN,C,55,55,33.3,4.3,6.5,.653,0.0,0.0,,4.3,6.5,.653,.653,2.4,3.6,.680,3.5,6.9,10.4,1.8,0.7,1.5,1.4,2.4,11.0,
Jrue Holiday,34,BOS,PG,46,46,30.0,4.0,9.1,.444,1.8,5.0,.349,2.3,4.0,.562,.541,1.2,1.3,.900,1.1,3.2,4.3,3.6,1.0,0.4,1.3,1.6,11.0,
Jonas ValanÄiÅ«nas,32,SAC,C,7,0,14.3,2.4,4.7,.515,0.0,0.1,.000,2.4,4.6,.531,.515,1.7,2.3,.750,2.1,2.7,4.9,1.1,0.4,0.6,0.9,2.7,6.6,
Isaiah Hartenstein,26,OKC,C,37,36,28.5,4.7,8.4,.561,0.0,0.4,.000,4.7,8.1,.587,.561,1.4,2.2,.654,3.2,8.5,11.7,3.9,0.7,1.1,1.8,2.9,10.9,
Quentin Grimes,24,PHI,SG,7,4,32.3,5.4,11.7,.463,2.3,6.3,.364,3.1,5.4,.579,.561,1.7,2.3,.750,1.4,4.6,6.0,3.4,0.9,0.6,1.4,1.9,14.9,
Damion Baugh,24,CHO,SG,4,0,28.5,3.5,9.0,.389,1.5,5.0,.300,2.0,4.0,.500,.472,2.3,2.5,.900,0.5,2.5,3.0,4.5,2.3,0.0,2.5,2.0,10.8,
Caris LeVert,30,ATL,SG,6,0,27.0,5.0,10.8,.462,1.3,4.3,.308,3.7,6.5,.564,.523,2.3,3.3,.700,1.2,3.8,5.0,2.0,0.5,0.5,0.5,3.0,13.7,
Brandon Boston Jr.,23,NOP,SG,42,10,23.6,4.0,9.1,.436,1.2,3.3,.350,2.8,5.7,.485,.500,1.6,2.0,.788,0.7,2.5,3.2,2.2,1.3,0.2,1.2,1.7,10.7,
Nikola JoviÄ,21,MIA,PF,46,10,25.1,3.7,8.2,.456,1.7,4.6,.371,2.0,3.6,.563,.560,1.6,1.9,.828,0.6,3.3,3.9,2.8,0.8,0.3,1.3,1.8,10.7,
Tim Hardaway Jr.,32,DET,SG,54,54,28.4,3.4,8.4,.408,2.1,5.7,.375,1.3,2.7,.476,.535,1.5,1.8,.828,0.2,2.1,2.3,1.6,0.5,0.1,0.7,1.2,10.6,
Guerschon Yabusele,29,PHI,C,54,28,26.2,3.9,7.7,.506,1.5,3.8,.392,2.4,3.9,.615,.602,1.3,1.8,.747,1.9,3.6,5.5,1.9,0.8,0.4,1.3,2.4,10.6,
Jordan Hawkins,22,NOP,SG,40,5,23.0,3.6,9.8,.361,1.9,5.7,.327,1.7,4.2,.407,.455,1.6,1.8,.849,0.4,2.2,2.5,1.0,0.6,0.4,0.9,0.7,10.5,
Tyus Jones,28,PHO,PG,57,54,28.8,3.9,8.8,.442,1.9,4.9,.395,1.9,3.8,.502,.553,0.8,0.9,.878,0.5,1.9,2.5,5.8,0.9,0.1,1.4,0.9,10.5,
Duncan Robinson,30,MIA,SF,53,30,24.0,3.7,8.8,.419,2.4,6.4,.375,1.3,2.4,.535,.554,0.7,0.8,.900,0.2,2.1,2.4,2.5,0.5,0.1,1.2,2.0,10.5,
Toumani Camara,24,POR,PF,56,56,32.4,3.9,8.5,.456,1.5,4.1,.368,2.4,4.5,.536,.544,1.1,1.5,.759,2.3,3.7,6.0,2.1,1.5,0.7,1.5,3.0,10.4,
Amir Coffey,27,LAC,SG,55,13,26.0,3.6,7.5,.472,1.5,3.7,.419,2.0,3.9,.524,.575,1.8,1.9,.907,0.5,1.9,2.4,1.1,0.5,0.1,0.7,1.8,10.4,
Andrew Nembhard,25,IND,SG,40,40,28.4,3.9,8.3,.468,0.7,2.4,.309,3.2,6.0,.531,.512,1.9,2.4,.792,0.5,2.8,3.3,4.8,1.3,0.1,1.8,2.3,10.4,
Obi Toppin,26,IND,PF,53,0,19.5,4.0,7.4,.538,1.2,3.6,.347,2.7,3.8,.718,.622,1.2,1.5,.795,0.7,3.4,4.1,1.6,0.6,0.3,0.8,1.4,10.4,
Grant Williams,26,CHO,PF,16,7,29.9,3.4,7.7,.439,1.7,4.6,.365,1.7,3.1,.551,.549,1.9,2.3,.838,1.1,4.0,5.1,2.3,1.1,0.8,1.8,2.9,10.4,
Derrick Jones Jr.,27,LAC,SF,55,49,24.9,4.1,8.1,.515,1.0,2.7,.351,3.2,5.3,.599,.574,1.0,1.4,.740,1.3,2.2,3.5,0.8,1.2,0.3,0.9,2.1,10.3,
Herbert Jones,26,NOP,SF,20,20,32.4,3.8,8.6,.436,1.1,3.6,.306,2.7,5.0,.530,.500,1.7,2.0,.825,1.1,2.8,3.9,3.3,1.9,0.5,1.8,3.3,10.3,
De'Anthony Melton,26,GSW,SG,6,2,20.2,3.7,9.0,.407,2.2,5.8,.371,1.5,3.2,.474,.528,0.8,1.3,.625,1.0,2.3,3.3,2.8,1.2,0.3,1.7,3.0,10.3,
Gary Trent Jr.,26,MIL,SG,52,7,25.0,3.6,8.3,.434,2.2,5.3,.419,1.4,3.0,.461,.568,0.8,1.0,.827,0.2,2.2,2.4,1.1,0.9,0.1,0.6,1.8,10.3,
Chris Boucher,32,TOR,PF,49,0,17.2,3.7,7.5,.496,1.4,3.9,.366,2.3,3.6,.636,.591,1.4,1.8,.782,1.4,3.1,4.5,0.7,0.5,0.5,0.6,1.4,10.2,
Bogdan BogdanoviÄ,32,LAC,SG,5,1,24.6,4.2,11.2,.375,1.6,7.0,.229,2.6,4.2,.619,.446,0.6,1.0,.600,0.2,1.8,2.0,3.0,1.4,0.0,1.2,2.6,10.6,
Ochai Agbaji,24,TOR,SG,52,37,27.4,4.0,8.0,.506,1.5,3.8,.396,2.5,4.2,.606,.600,0.5,0.8,.667,0.9,2.8,3.7,1.6,0.8,0.5,0.8,1.9,10.1,
Nic Claxton,25,BRK,C,50,42,26.9,4.5,8.2,.544,0.0,0.3,.067,4.4,7.9,.562,.545,1.2,2.3,.522,2.2,5.3,7.5,2.0,1.0,1.5,1.3,2.1,10.1,
Spencer Dinwiddie,31,DAL,PG,57,19,25.2,3.2,7.8,.414,1.4,3.9,.347,1.9,3.9,.482,.501,2.3,2.7,.839,0.2,2.2,2.4,3.7,0.8,0.2,1.1,1.5,10.1,
Brandin Podziemski,21,GSW,SG,45,14,25.5,3.8,8.8,.435,1.3,4.2,.321,2.5,4.6,.538,.511,1.1,1.5,.750,1.0,3.8,4.8,3.5,1.1,0.2,1.1,1.5,10.1,
Keon Johnson,22,BRK,SG,55,35,23.5,3.7,9.8,.375,1.4,4.9,.288,2.3,4.9,.463,.447,1.2,1.5,.783,0.7,2.8,3.5,2.0,1.0,0.4,1.2,2.5,10.0,
Jose Alvarado,26,NOP,PG,34,11,23.5,3.4,8.2,.417,2.1,5.3,.392,1.3,2.9,.464,.545,1.0,1.2,.829,0.5,2.0,2.5,4.5,1.4,0.3,1.2,1.9,9.9,
Julian Champagnie,23,SAS,SF,56,26,24.1,3.4,8.1,.418,2.2,6.0,.365,1.2,2.2,.562,.552,0.9,1.0,.895,0.8,3.1,3.9,1.3,0.9,0.4,0.9,1.4,9.9,
Dante Exum,29,DAL,PG,10,7,19.0,3.7,7.5,.493,1.2,3.0,.400,2.5,4.5,.556,.573,1.3,2.1,.619,0.2,1.5,1.7,3.6,0.6,0.2,1.0,1.3,9.9,
T.J. McConnell,32,IND,PG,54,0,18.4,4.4,8.4,.525,0.2,0.6,.294,4.2,7.8,.544,.536,0.8,1.1,.750,0.5,2.0,2.5,4.5,1.1,0.3,1.5,1.1,9.8,
Svi Mykhailiuk,27,UTA,SF,23,12,20.1,3.5,8.8,.394,2.1,6.1,.340,1.4,2.7,.516,.512,0.8,1.0,.783,0.6,1.9,2.5,1.7,0.7,0.3,1.6,1.3,9.8,
Luguentz Dort,25,OKC,SF,53,53,29.0,3.5,8.1,.426,2.2,5.5,.398,1.3,2.7,.482,.559,0.6,0.8,.786,1.4,2.8,4.1,1.6,1.1,0.6,0.7,3.1,9.7,
Royce O'Neale,31,PHO,SF,52,18,25.8,3.4,8.0,.428,2.4,5.9,.408,1.0,2.1,.486,.579,0.4,0.5,.731,0.8,4.2,5.0,2.1,1.0,0.5,0.9,2.1,9.7,
Isaiah Joe,25,OKC,SG,52,11,21.0,3.3,7.7,.433,2.4,6.1,.400,0.9,1.7,.552,.590,0.4,0.6,.719,0.5,2.0,2.6,1.4,0.7,0.2,0.4,1.6,9.6,
Moses Moody,22,GSW,SG,50,10,19.8,3.3,7.4,.449,1.7,4.5,.390,1.6,2.9,.537,.566,1.2,1.7,.735,0.6,1.7,2.3,1.2,0.5,0.4,0.7,1.5,9.6,
Ziaire Williams,23,BRK,SF,43,26,24.2,3.2,8.0,.404,1.4,4.2,.333,1.8,3.8,.481,.491,1.8,2.2,.830,1.1,3.8,4.9,1.4,1.0,0.4,1.0,2.5,9.6,
Max Christie,21,DAL,SG,9,3,33.1,5.1,10.8,.474,2.1,4.8,.442,3.0,6.0,.500,.572,2.3,2.8,.840,0.7,3.8,4.4,3.4,1.0,0.6,1.9,2.0,14.7,
Tosan Evbuomwan,23,BRK,SF,20,0,24.3,3.5,7.8,.442,0.8,2.6,.294,2.7,5.3,.514,.490,1.8,2.5,.735,1.2,2.9,4.1,1.7,0.8,0.4,1.6,1.9,9.5,
Julian Strawther,22,DEN,SG,58,4,22.2,3.4,7.8,.433,1.6,4.4,.361,1.8,3.4,.525,.534,1.1,1.4,.835,0.3,2.0,2.3,1.4,0.6,0.3,0.9,2.5,9.5,
Trendon Watford,24,BRK,PF,22,0,18.0,3.5,7.3,.472,0.6,1.9,.317,2.9,5.5,.525,.512,2.0,2.5,.818,0.5,2.5,3.0,1.9,0.5,0.3,1.5,2.3,9.5,
Georges Niang,31,ATL,PF,6,1,28.3,5.3,11.3,.471,3.5,7.5,.467,1.8,3.8,.478,.625,1.0,1.2,.857,0.8,4.2,5.0,1.8,0.8,0.5,0.7,3.7,15.2,
Noah Clowney,20,BRK,PF,37,18,23.1,3.0,8.1,.375,2.0,5.6,.354,1.0,2.4,.422,.498,1.4,1.6,.850,0.9,3.0,3.9,0.8,0.5,0.5,1.0,2.4,9.4,
Ausar Thompson,22,DET,SF,36,25,21.1,4.0,7.2,.554,0.2,0.9,.219,3.8,6.3,.602,.568,1.3,2.2,.588,1.7,3.2,4.9,2.2,1.7,0.5,1.4,2.8,9.4,
Cam Whitmore,20,HOU,SF,37,0,17.3,3.5,8.5,.413,1.2,4.0,.311,2.3,4.5,.503,.486,1.1,1.5,.719,0.7,2.5,3.2,0.9,0.7,0.2,1.0,1.1,9.4,
Nickeil Alexander-Walker,26,MIN,SG,59,9,25.1,3.3,7.4,.447,1.8,4.5,.405,1.5,2.9,.511,.570,0.8,1.1,.769,0.6,2.5,3.1,2.5,0.5,0.3,1.3,1.8,9.3,
Cole Anthony,24,ORL,PG,55,17,18.1,3.5,8.2,.423,1.1,3.2,.339,2.4,5.1,.475,.488,1.3,1.7,.793,0.7,2.3,3.0,2.8,0.7,0.3,1.6,2.2,9.3,
Luke Kennard,28,MEM,SG,45,7,22.0,3.2,6.7,.473,2.1,4.4,.472,1.1,2.3,.476,.628,1.0,1.1,.896,0.6,2.2,2.8,3.4,0.7,0.1,1.0,0.9,9.3,
Kevin Porter Jr.,24,MIL,SG,6,0,15.8,3.5,6.8,.512,0.2,0.7,.250,3.3,6.2,.541,.524,1.7,2.0,.833,0.2,2.3,2.5,2.3,1.8,0.0,1.7,1.3,8.8,
Anthony Black,21,ORL,PG,56,9,24.6,3.2,7.7,.420,0.7,2.4,.295,2.5,5.3,.475,.465,2.1,2.7,.752,0.6,2.2,2.8,3.3,1.0,0.6,1.8,2.2,9.2,
Clint Capela,30,ATL,C,48,41,22.2,4.1,7.2,.568,0.0,0.0,,4.1,7.2,.568,.568,1.0,1.9,.538,3.3,5.6,8.9,1.2,0.6,1.0,0.9,2.0,9.2,
Brice Sensabaugh,21,UTA,SF,46,3,17.6,3.3,7.4,.446,1.7,4.4,.379,1.6,3.0,.543,.559,0.9,1.0,.913,0.6,1.9,2.5,1.3,0.6,0.1,1.3,1.5,9.2,
Jalen Wilson,24,BRK,PF,56,15,27.1,3.1,8.0,.393,1.4,4.5,.313,1.7,3.5,.495,.481,1.5,1.8,.816,1.1,2.4,3.5,1.9,0.6,0.1,1.1,2.1,9.2,
Carlton Carrington,19,WAS,PG,57,39,29.3,3.4,8.2,.408,1.6,4.6,.345,1.8,3.6,.490,.505,0.8,0.9,.843,0.4,3.5,3.9,3.9,0.7,0.2,1.5,2.4,9.1,
Zach Edey,22,MEM,C,44,37,20.5,3.7,6.5,.575,0.3,1.0,.349,3.4,5.5,.616,.602,1.3,1.9,.683,3.3,4.4,7.7,0.9,0.6,1.2,1.4,2.6,9.1,
Jaime Jaquez Jr.,23,MIA,SF,47,11,22.8,3.3,7.5,.436,0.6,2.0,.290,2.7,5.5,.488,.475,2.0,2.6,.767,1.3,3.4,4.7,2.7,1.1,0.2,1.5,1.5,9.1,
Dereck Lively II,20,DAL,C,32,25,24.0,3.9,5.5,.701,0.0,0.0,,3.9,5.5,.701,.701,1.4,2.2,.638,3.1,4.8,7.8,2.6,0.5,1.7,1.2,2.9,9.1,
Caleb Martin,29,PHI,SF,31,24,30.4,3.3,7.5,.435,1.1,2.8,.379,2.2,4.7,.469,.506,1.5,2.4,.622,1.4,3.0,4.4,2.2,1.1,0.6,1.4,2.0,9.1,
Miles McBride,24,NYK,PG,47,1,23.7,3.3,7.9,.415,1.7,4.6,.370,1.6,3.3,.477,.523,0.9,1.0,.857,0.7,1.7,2.4,2.6,0.9,0.2,0.7,1.4,9.1,
Chris Paul,39,SAS,PG,56,56,29.0,3.0,7.4,.408,1.7,4.9,.357,1.3,2.5,.507,.525,1.3,1.4,.949,0.4,3.4,3.9,8.1,1.3,0.2,1.5,1.9,9.1,
Scotty Pippen Jr.,24,MEM,PG,57,16,20.0,3.4,7.1,.470,0.9,2.6,.360,2.4,4.5,.535,.537,1.4,2.1,.683,0.8,2.5,3.2,4.3,1.2,0.4,1.8,2.5,9.1,
Patrick Williams,23,CHI,PF,45,35,26.2,3.2,8.6,.375,1.6,4.5,.351,1.6,4.1,.400,.466,1.1,1.4,.769,0.8,3.3,4.0,2.0,0.8,0.6,1.3,1.3,9.1,
Wendell Carter Jr.,25,ORL,C,47,30,25.3,3.2,7.0,.461,0.4,2.1,.200,2.8,4.9,.574,.491,2.0,2.7,.713,2.0,5.3,7.3,2.1,0.8,0.5,1.1,2.8,8.9,
Dalton Knecht,23,LAL,SF,53,12,19.9,3.2,7.1,.456,1.5,4.4,.352,1.7,2.7,.627,.565,0.9,1.2,.820,0.5,2.5,2.9,0.8,0.4,0.1,0.5,1.3,8.9,
Aaron Nesmith,25,IND,SF,21,13,21.5,3.0,6.2,.485,1.1,3.0,.381,1.9,3.2,.582,.577,1.7,1.9,.923,0.6,2.9,3.5,1.3,0.6,0.4,0.7,2.6,8.9,
Nick Richards,27,PHO,C,18,17,22.4,3.3,5.9,.566,0.0,0.1,.000,3.3,5.8,.571,.566,2.1,2.6,.804,2.5,6.8,9.3,0.4,0.2,0.9,1.3,2.8,8.7,
Max Strus,28,CLE,SF,29,16,24.8,3.1,7.3,.423,2.2,5.9,.380,0.9,1.4,.595,.575,0.4,0.4,.846,0.9,3.3,4.2,3.1,0.6,0.3,1.0,2.0,8.8,
Draymond Green,34,GSW,PF,44,42,28.3,3.1,7.2,.432,1.1,3.5,.329,2.0,3.7,.528,.511,1.4,2.1,.645,1.0,4.8,5.8,5.7,1.3,1.1,2.4,3.0,8.7,
GG Jackson II,20,MEM,PF,16,0,16.2,3.1,7.3,.419,1.3,3.7,.339,1.8,3.6,.500,.504,1.3,1.9,.700,1.1,2.1,3.2,1.0,0.4,0.2,1.2,1.1,8.7,
Marcus Smart,30,WAS,PG,2,0,19.5,3.0,4.5,.667,0.5,1.0,.500,2.5,3.5,.714,.722,1.0,1.0,1.000,0.0,1.0,1.0,1.5,1.5,0.0,1.5,1.0,7.5,
Kentavious Caldwell-Pope,31,ORL,SG,57,57,30.0,3.0,7.3,.413,1.4,4.5,.307,1.6,2.8,.585,.508,1.2,1.3,.868,0.4,1.7,2.1,1.8,1.4,0.5,0.8,1.9,8.6,
Kel'el Ware,20,MIA,C,41,15,19.7,3.6,6.8,.532,0.6,1.9,.329,3.0,4.9,.609,.577,0.7,1.0,.714,1.6,4.6,6.2,0.9,0.5,1.0,0.8,1.4,8.6,
Dorian Finney-Smith,31,LAL,PF,21,6,25.9,2.5,5.5,.452,1.5,3.9,.378,1.0,1.6,.636,.587,0.3,0.3,.857,1.1,2.4,3.5,1.3,1.0,0.1,1.0,1.9,6.7,
Jusuf NurkiÄ,30,CHO,C,5,3,19.2,3.2,6.8,.471,0.4,2.8,.143,2.8,4.0,.700,.500,1.4,2.0,.700,2.0,6.6,8.6,4.6,1.4,1.2,2.0,2.0,8.2,
Yves Missi,20,NOP,C,55,49,27.0,3.4,6.4,.533,0.0,0.0,.000,3.4,6.4,.534,.533,1.6,2.5,.645,3.5,4.7,8.2,1.3,0.5,1.5,1.2,2.2,8.5,
Larry Nance Jr.,32,ATL,PF,24,3,19.3,3.3,6.5,.516,1.4,3.2,.447,1.9,3.3,.582,.626,0.4,0.5,.692,1.0,3.3,4.3,1.6,0.8,0.5,0.7,1.5,8.5,
Nick Smith Jr.,20,CHO,SG,38,19,20.5,3.3,8.4,.389,1.5,4.6,.322,1.8,3.9,.469,.477,0.5,0.5,.900,0.2,1.7,1.9,1.9,0.4,0.2,1.2,1.2,8.5,
Dalano Banton,25,POR,PG,45,0,15.4,3.0,7.2,.412,1.2,3.2,.361,1.8,4.0,.453,.492,1.3,1.9,.698,0.3,1.5,1.8,2.2,0.6,0.5,1.2,0.8,8.4,
Jaylen Nowell,25,NOP,SG,8,0,21.0,3.3,9.1,.356,1.0,3.4,.296,2.3,5.8,.391,.411,0.9,1.4,.636,0.8,1.8,2.5,2.3,0.1,0.5,1.0,1.1,8.4,
Jalen Smith,24,CHI,C,51,1,15.0,3.0,6.3,.475,1.2,3.5,.352,1.7,2.8,.631,.573,1.2,1.4,.836,1.4,4.0,5.4,0.9,0.2,0.7,0.6,1.5,8.4,
Goga Bitadze,25,ORL,C,49,41,23.0,3.5,5.7,.625,0.0,0.4,.100,3.5,5.2,.665,.628,1.2,2.0,.635,2.6,5.1,7.8,2.1,0.8,1.7,1.2,2.2,8.3,
Mike Conley,37,MIN,PG,50,44,25.0,2.6,6.8,.374,1.8,4.6,.391,0.8,2.2,.339,.506,1.3,1.4,.913,0.5,2.1,2.6,4.5,1.2,0.2,1.1,1.5,8.2,
Justin Edwards,21,PHI,SF,25,9,23.8,3.1,6.7,.464,1.4,4.0,.364,1.7,2.8,.609,.571,0.5,0.8,.632,1.0,2.2,3.2,1.4,0.8,0.3,0.8,2.2,8.2,
Day'Ron Sharpe,23,BRK,C,35,0,17.3,3.4,6.5,.520,0.2,0.9,.219,3.2,5.6,.569,.535,1.3,1.7,.746,3.0,3.4,6.3,1.6,0.7,0.7,1.4,2.2,8.2,
Kevin Huerter,26,CHI,SG,6,1,23.5,3.3,9.2,.364,2.5,6.5,.385,0.8,2.7,.313,.500,0.3,0.7,.500,0.8,1.8,2.7,2.3,1.3,0.0,0.8,2.2,9.5,
Kyshawn George,21,WAS,SG,51,21,26.5,2.7,7.7,.357,1.6,5.2,.314,1.1,2.5,.445,.463,1.0,1.3,.746,0.8,3.2,4.0,2.3,0.9,0.7,1.4,3.0,8.1,
Peyton Watson,22,DEN,SF,48,12,24.1,2.9,6.2,.471,0.7,2.0,.340,2.3,4.2,.532,.525,1.6,2.1,.752,0.8,2.6,3.4,1.5,0.9,1.2,0.9,1.7,8.1,
Brandon Clarke,28,MEM,PF,54,18,18.8,3.6,5.9,.609,0.0,0.3,.059,3.6,5.6,.640,.610,0.8,1.2,.672,1.9,3.1,5.0,1.0,0.8,0.5,0.6,2.3,8.0,
Keon Ellis,25,SAC,SG,55,11,22.2,2.7,5.6,.482,1.7,3.9,.444,1.0,1.7,.570,.637,0.9,1.1,.847,0.8,1.7,2.5,1.2,1.4,0.7,0.8,1.8,8.0,
Jaden Hardy,22,DAL,SG,43,3,15.3,2.9,6.9,.424,1.2,3.2,.374,1.7,3.6,.468,.512,1.0,1.4,.672,0.2,1.4,1.6,1.3,0.5,0.1,1.5,1.6,8.0,
Tristan Da Silva,23,ORL,SF,56,35,24.2,3.0,7.1,.420,1.2,3.6,.332,1.8,3.5,.510,.504,0.8,1.0,.852,1.1,2.5,3.6,1.6,0.5,0.3,0.9,1.4,7.9,
Al Horford,38,BOS,C,45,29,26.4,2.9,7.0,.410,1.8,5.0,.359,1.1,2.1,.532,.536,0.4,0.4,.889,1.1,4.3,5.4,1.8,0.5,0.9,0.7,1.5,7.9,
Taurean Prince,30,MIL,SF,56,49,26.0,2.8,6.1,.456,1.9,4.1,.458,0.9,2.1,.453,.608,0.4,0.5,.833,0.5,3.2,3.7,2.0,0.8,0.1,1.0,2.0,7.9,
A.J. Green,25,MIL,SG,50,6,22.8,2.6,6.1,.427,2.2,5.2,.420,0.4,0.9,.467,.606,0.3,0.4,.889,0.3,2.1,2.3,1.3,0.5,0.1,0.5,2.2,7.8,
Cody Martin,29,CHO,SF,39,8,24.8,3.0,6.9,.433,1.0,3.2,.323,1.9,3.7,.528,.507,0.9,1.3,.694,1.0,3.5,4.5,2.3,1.1,0.7,1.1,1.8,7.8,
Tyrese Martin,25,BRK,SG,39,6,20.8,2.8,7.2,.393,1.5,4.4,.343,1.3,2.8,.472,.498,0.7,0.9,.730,1.0,2.8,3.8,1.6,0.5,0.1,1.3,1.1,7.8,
Quinten Post,24,GSW,PF,20,7,14.4,2.8,6.0,.467,1.6,3.8,.408,1.3,2.2,.568,.596,0.6,0.7,.923,1.0,2.5,3.5,1.6,0.3,0.2,0.7,1.7,7.8,
Bruce Brown,28,NOP,PG,5,0,21.8,1.8,6.4,.281,0.0,1.4,.000,1.8,5.0,.360,.281,1.4,1.8,.778,0.8,2.6,3.4,1.8,0.8,0.0,0.4,2.4,5.0,
Justin Champagnie,23,WAS,SF,38,15,18.4,2.9,5.8,.502,1.1,2.8,.381,1.9,3.1,.612,.593,0.7,1.1,.683,1.5,3.0,4.5,0.8,0.9,0.6,0.8,1.8,7.6,
Josh Green,24,CHO,SG,52,51,28.4,2.7,6.2,.437,1.4,3.6,.401,1.3,2.6,.485,.553,0.7,1.0,.698,0.9,1.8,2.7,1.5,1.1,0.2,1.0,2.6,7.6,
Sam Hauser,27,BOS,PF,49,10,20.3,2.7,6.1,.445,2.1,5.2,.402,0.6,0.9,.698,.617,0.1,0.1,1.000,0.6,2.4,3.0,1.0,0.6,0.2,0.3,1.2,7.6,
Ja'Kobe Walter,20,TOR,SG,39,9,19.4,2.8,6.9,.407,1.0,3.3,.307,1.8,3.7,.497,.480,0.9,1.3,.712,0.8,1.8,2.6,1.3,0.7,0.2,0.8,1.8,7.6,
Trayce Jackson-Davis,24,GSW,C,50,37,18.2,3.2,5.6,.573,0.0,0.0,.000,3.2,5.6,.575,.573,1.0,1.7,.605,2.2,3.6,5.8,1.9,0.4,0.7,0.8,1.3,7.5,
Johnny Juzang,23,UTA,SG,40,6,17.5,2.6,6.1,.420,1.7,4.4,.385,0.9,1.8,.507,.557,0.7,0.8,.839,0.6,2.0,2.6,1.0,0.5,0.1,0.5,2.0,7.5,
Garrison Mathews,28,ATL,SG,43,2,17.7,2.1,5.5,.390,1.8,4.7,.385,0.3,0.8,.417,.553,1.5,1.8,.829,0.3,1.5,1.8,1.3,0.6,0.3,0.7,1.7,7.5,
Vasilije MiciÄ,31,CHO,PG,36,16,21.2,2.6,7.6,.348,1.3,3.5,.360,1.4,4.1,.338,.430,0.9,1.1,.829,0.6,1.9,2.4,3.5,0.4,0.0,2.1,1.2,7.5,
Cason Wallace,21,OKC,SG,49,33,27.3,3.0,6.8,.446,1.0,3.1,.331,2.0,3.7,.541,.521,0.3,0.4,.789,1.1,2.3,3.5,2.4,1.7,0.5,0.7,2.3,7.4,
Jay Huff,26,MEM,C,47,1,12.2,2.6,4.9,.522,1.4,3.3,.418,1.2,1.6,.727,.661,0.8,1.0,.771,0.5,1.6,2.1,0.6,0.2,0.9,0.6,1.3,7.3,
Cameron Payne,30,NYK,PG,51,1,14.6,2.5,6.1,.419,1.4,3.6,.373,1.2,2.5,.488,.531,0.8,0.9,.891,0.2,1.2,1.4,2.7,0.5,0.2,0.6,1.6,7.3,
Kelly Olynyk,33,NOP,C,3,3,24.0,2.3,6.3,.368,0.3,2.0,.167,2.0,4.3,.462,.395,3.0,3.7,.818,3.3,6.7,10.0,2.7,0.3,0.3,2.3,2.7,8.0,
Lonzo Ball,27,CHI,PG,33,12,21.6,2.4,6.7,.355,1.8,5.5,.339,0.5,1.2,.425,.493,0.6,0.8,.808,0.6,2.8,3.4,3.3,1.3,0.5,1.2,1.6,7.2,
Bones Hyland,24,LAC,PG,20,0,11.1,2.3,5.8,.391,1.6,4.0,.388,0.7,1.8,.400,.526,1.2,1.3,.885,0.3,1.0,1.2,1.4,0.9,0.2,1.2,1.3,7.2,
Sam Merrill,28,CLE,SG,49,2,19.3,2.3,6.0,.389,1.8,5.2,.350,0.5,0.8,.641,.541,0.6,0.6,.964,0.5,1.5,2.0,1.5,0.7,0.2,0.5,1.9,7.1,
Precious Achiuwa,25,NYK,C,36,8,22.5,3.0,5.6,.527,0.3,0.8,.321,2.7,4.9,.560,.549,0.8,1.3,.617,2.1,3.9,6.1,1.1,1.0,0.7,0.8,1.6,7.0,
Isaiah Collier,20,UTA,PG,49,24,24.0,2.8,7.0,.404,0.6,2.3,.239,2.3,4.7,.485,.443,0.8,1.3,.629,0.4,2.7,3.1,6.0,0.8,0.2,2.9,2.2,7.0,
Kyle Filipowski,21,UTA,C,47,11,18.6,2.6,5.1,.515,0.7,2.0,.365,1.9,3.0,.615,.588,1.0,1.6,.623,1.2,3.7,4.9,1.9,0.6,0.1,1.1,2.0,7.0,
Isaiah Jackson,23,IND,C,5,1,16.8,2.8,4.6,.609,0.0,0.0,,2.8,4.6,.609,.609,1.4,2.8,.500,2.2,3.4,5.6,1.0,0.6,1.6,1.0,2.8,7.0,
Kevin Knox,25,GSW,SF,3,0,8.3,2.7,4.7,.571,1.0,2.3,.429,1.7,2.3,.714,.679,0.7,0.7,1.000,1.0,1.3,2.3,1.0,0.3,0.7,0.0,0.7,7.0,
KJ Simpson,22,CHO,PG,22,3,20.0,2.5,7.5,.325,0.7,3.2,.211,1.8,4.3,.411,.370,1.4,1.7,.811,1.2,1.6,2.8,2.5,0.8,0.2,1.4,1.6,7.0,
Josh Okogie,26,CHO,SG,7,1,21.3,3.3,7.6,.434,1.3,3.3,.391,2.0,4.3,.467,.519,2.1,2.7,.789,1.3,2.1,3.4,1.4,2.7,0.7,1.3,1.6,10.0,
Jared Butler,24,PHI,SG,5,1,13.8,2.8,7.0,.400,0.6,2.8,.214,2.2,4.2,.524,.443,1.2,1.4,.857,0.6,1.8,2.4,3.8,0.6,0.4,1.4,1.2,7.4,
Andre Drummond,31,PHI,C,33,16,17.9,2.8,5.4,.514,0.0,0.4,.083,2.7,5.0,.545,.517,1.4,2.2,.608,2.5,4.9,7.4,0.6,1.0,0.4,1.5,2.3,6.9,
Vit Krejci,24,ATL,PG,39,15,20.8,2.5,5.5,.447,1.4,3.7,.384,1.0,1.8,.580,.577,0.5,0.8,.667,0.4,2.4,2.7,2.7,0.7,0.5,0.9,1.9,6.9,
Thomas Bryant,27,IND,C,30,5,16.1,3.1,5.6,.554,0.8,2.2,.373,2.3,3.4,.673,.628,0.7,0.9,.778,1.7,2.7,4.4,1.4,0.5,0.5,0.5,1.1,7.7,
Bol Bol,25,PHO,PF,22,3,12.1,2.6,5.1,.518,0.8,2.5,.309,1.9,2.6,.719,.594,0.7,1.0,.727,0.6,2.4,3.0,0.5,0.2,0.9,0.6,0.5,6.8,
Eric Gordon,36,PHI,SG,39,13,19.7,2.2,5.2,.426,1.4,3.5,.409,0.8,1.7,.463,.564,0.9,1.2,.750,0.2,1.0,1.2,1.7,0.7,0.3,0.7,0.8,6.8,
Jake LaRavia,23,SAC,PF,6,0,13.2,0.8,2.7,.313,0.3,1.5,.222,0.5,1.2,.429,.375,0.0,0.7,.000,1.3,1.0,2.3,1.3,0.8,0.3,1.2,1.2,2.0,
Matas Buzelis,20,CHI,SF,56,7,15.5,2.4,5.6,.433,0.9,2.7,.349,1.5,2.9,.512,.518,0.9,1.1,.817,0.6,2.3,2.9,0.6,0.3,0.9,0.6,1.5,6.7,
Davion Mitchell,26,MIA,PG,6,6,31.2,3.3,6.8,.488,1.2,3.5,.333,2.2,3.3,.650,.573,0.5,0.7,.750,0.5,1.3,1.8,3.2,1.0,0.3,1.2,2.0,8.3,
KJ Martin,24,UTA,SF,3,2,24.3,3.3,6.7,.500,0.3,3.0,.111,3.0,3.7,.818,.525,0.3,1.0,.333,0.0,3.0,3.0,1.0,0.7,0.7,0.7,2.3,7.3,
Markelle Fultz,26,SAC,PG,2,0,14.0,3.0,6.0,.500,0.5,1.0,.500,2.5,5.0,.500,.542,0.0,0.0,,0.5,1.0,1.5,1.0,1.5,0.0,3.0,1.5,6.5,
Richaun Holmes,31,WAS,PF,20,6,17.5,2.6,3.8,.671,0.0,0.2,.000,2.6,3.7,.699,.671,1.4,1.7,.794,1.8,3.6,5.3,1.3,0.2,0.9,0.8,1.6,6.5,
Ben Simmons,28,LAC,PG,3,0,23.7,3.3,5.0,.667,0.0,0.0,,3.3,5.0,.667,.667,2.0,2.3,.857,0.3,4.7,5.0,4.7,2.0,0.7,0.3,2.0,8.7,
Ajay Mitchell,22,OKC,SG,34,1,16.5,2.5,4.9,.506,0.6,1.5,.431,1.8,3.4,.539,.572,0.8,1.0,.848,0.5,1.5,2.0,1.7,0.7,0.1,0.8,1.7,6.4,
Ricky Council IV,23,PHI,SF,49,4,14.3,2.1,5.1,.413,0.7,2.3,.297,1.4,2.9,.504,.478,1.4,1.7,.817,0.7,1.6,2.2,1.1,0.5,0.1,0.6,0.8,6.3,
Seth Curry,34,CHO,SG,48,9,14.5,2.3,4.9,.473,1.2,2.6,.457,1.1,2.3,.491,.595,0.4,0.5,.833,0.4,1.1,1.6,0.7,0.5,0.1,0.4,0.9,6.3,
Haywood Highsmith,28,MIA,SF,49,39,23.7,2.4,5.1,.466,1.2,3.0,.388,1.2,2.1,.578,.580,0.4,0.6,.679,0.8,2.3,3.1,1.2,0.9,0.6,0.7,2.0,6.3,
Alex Caruso,30,OKC,SG,36,1,19.3,2.3,5.7,.410,1.1,3.4,.339,1.2,2.3,.512,.510,0.4,0.4,.813,0.8,2.1,2.9,2.7,1.7,0.5,0.6,2.0,6.2,
Trey Lyles,29,SAC,PF,47,2,18.4,2.1,5.3,.401,1.2,3.6,.341,0.9,1.7,.525,.516,0.7,1.0,.745,1.0,3.3,4.4,0.9,0.6,0.4,0.6,1.2,6.2,
Dru Smith,27,MIA,SG,14,1,19.1,2.2,4.4,.508,1.1,2.1,.533,1.1,2.2,.484,.639,0.6,0.9,.750,0.9,1.7,2.6,1.6,1.5,0.4,1.2,2.1,6.2,
Vince Williams Jr.,24,MEM,SG,9,0,15.9,2.2,6.0,.370,0.7,2.9,.231,1.6,3.1,.500,.426,1.1,1.7,.667,1.3,2.1,3.4,1.8,0.7,0.2,1.3,2.1,6.2,
Terance Mann,28,ATL,SG,6,0,19.5,2.7,4.7,.571,1.0,1.8,.545,1.7,2.8,.588,.679,0.5,1.7,.300,1.2,1.2,2.3,1.8,0.7,0.0,0.8,2.2,6.8,
Alec Burks,33,MIA,SG,31,1,17.3,1.9,4.7,.397,1.4,3.4,.410,0.5,1.3,.366,.545,1.0,1.3,.775,0.4,2.3,2.7,1.1,0.6,0.2,0.4,0.7,6.1,
Ryan Dunn,22,PHO,SF,52,28,17.8,2.5,5.7,.436,0.9,3.0,.306,1.6,2.7,.582,.517,0.2,0.4,.478,0.9,2.3,3.2,0.8,0.4,0.5,0.4,2.2,6.1,
Simone Fontecchio,29,DET,SF,52,0,17.4,2.0,5.3,.381,1.0,3.2,.321,1.0,2.1,.472,.478,1.1,1.3,.838,0.7,2.3,3.1,0.9,0.4,0.2,0.8,1.3,6.1,
Ron Holland,19,DET,SF,58,1,15.5,2.3,5.2,.442,0.5,2.1,.242,1.8,3.1,.575,.490,1.0,1.3,.789,0.5,2.2,2.7,0.8,0.6,0.1,0.8,1.8,6.1,
Torrey Craig,34,BOS,SF,3,1,10.7,1.3,3.0,.444,0.7,2.3,.286,0.7,0.7,1.000,.556,0.0,0.0,,1.0,0.7,1.7,0.7,0.0,1.3,0.3,0.7,3.3,
Bismack Biyombo,32,SAS,C,5,4,16.4,2.8,3.8,.737,0.0,0.0,,2.8,3.8,.737,.737,0.4,1.4,.286,1.4,4.0,5.4,0.8,0.6,1.0,1.2,1.6,6.0,
Kris Dunn,30,LAC,PG,50,34,23.3,2.5,5.8,.423,0.9,3.0,.309,1.5,2.8,.542,.502,0.1,0.3,.500,0.9,2.7,3.6,2.9,1.8,0.3,1.1,2.6,6.0,
Jordan Goodwin,26,LAL,PG,6,0,16.8,2.5,4.7,.536,0.7,1.8,.364,1.8,2.8,.647,.607,0.3,0.5,.667,1.5,2.5,4.0,0.8,0.8,0.3,0.7,1.5,6.0,
Jaxson Hayes,24,LAL,C,35,14,18.1,2.5,3.5,.702,0.0,0.1,.000,2.5,3.5,.713,.702,1.0,1.4,.729,1.3,3.0,4.3,1.1,0.6,1.0,0.7,2.2,6.0,
Jamal Shead,22,TOR,PG,52,1,17.3,2.3,5.4,.431,0.8,2.3,.355,1.5,3.1,.488,.507,0.5,0.7,.743,0.3,0.9,1.2,3.6,0.5,0.1,1.5,1.9,6.0,
Ben Sheppard,23,IND,SG,42,8,20.3,2.1,5.0,.433,1.2,3.4,.366,0.9,1.6,.576,.558,0.4,0.5,.900,0.7,1.9,2.6,1.2,0.7,0.3,0.3,2.1,6.0,
James Wiseman,23,IND,C,1,0,5.0,2.0,4.0,.500,0.0,1.0,.000,2.0,3.0,.667,.500,2.0,2.0,1.000,0.0,1.0,1.0,0.0,0.0,0.0,0.0,0.0,6.0,
Isaiah Wong,24,CHO,SG,20,0,13.3,2.1,5.3,.390,0.7,1.7,.394,1.4,3.6,.389,.452,1.3,1.7,.735,0.7,0.9,1.6,1.4,0.6,0.0,0.9,1.1,6.0,
Marcus Sasser,24,DET,PG,43,0,13.9,2.2,4.9,.459,0.9,2.5,.361,1.3,2.3,.564,.553,0.5,0.6,.885,0.3,0.9,1.2,2.2,0.7,0.1,0.9,1.3,5.9,
Shake Milton,28,LAL,SG,17,0,10.9,1.1,2.5,.419,0.2,1.1,.222,0.8,1.5,.560,.465,0.9,1.0,.882,0.4,1.5,1.9,1.4,0.2,0.1,0.7,0.8,3.2,
Rob Dillingham,20,MIN,PG,34,1,12.9,2.4,5.4,.446,0.7,1.9,.364,1.7,3.5,.492,.511,0.2,0.4,.615,0.3,0.9,1.2,2.5,0.4,0.0,1.3,0.9,5.8,
Mouhamed Gueye,22,ATL,PF,11,7,14.9,2.4,6.0,.394,0.5,3.0,.152,1.9,3.0,.636,.432,0.6,0.8,.778,0.7,2.7,3.5,0.7,0.9,0.9,0.5,1.2,5.8,
Jonathan Isaac,27,ORL,PF,52,0,16.4,2.1,5.1,.407,0.6,2.5,.256,1.4,2.6,.552,.470,1.0,1.5,.684,1.8,3.0,4.8,0.5,0.8,1.2,0.4,1.3,5.8,
Isaac Okoro,24,CLE,SG,32,18,19.7,2.0,4.7,.433,1.1,2.8,.398,0.9,1.9,.484,.550,0.7,0.9,.724,0.8,1.4,2.3,1.6,0.6,0.4,0.4,1.9,5.8,
Isaiah Stewart,23,DET,C,53,3,19.9,2.4,4.4,.541,0.2,0.7,.282,2.2,3.7,.593,.564,0.8,1.1,.804,2.0,3.7,5.7,1.7,0.4,1.3,1.0,2.4,5.8,
Jarace Walker,21,IND,PF,52,1,16.0,2.1,4.6,.458,0.9,2.3,.369,1.3,2.3,.551,.552,0.7,1.1,.644,0.3,2.8,3.1,1.4,0.9,0.4,1.1,1.6,5.8,
Keaton Wallace,25,ATL,PG,24,3,17.3,2.2,5.1,.423,1.0,2.7,.354,1.2,2.4,.500,.516,0.5,0.5,1.000,0.2,1.3,1.5,2.3,0.9,0.3,1.2,1.3,5.8,
Kenrich Williams,30,OKC,PF,46,1,14.4,2.3,4.6,.495,0.9,2.4,.385,1.4,2.2,.612,.594,0.3,0.4,.889,0.9,2.3,3.2,1.1,0.6,0.1,0.5,1.5,5.8,
Robert Williams,27,POR,C,20,3,17.6,2.5,3.9,.641,0.1,0.2,.333,2.5,3.8,.653,.647,0.8,0.9,.882,1.8,4.2,5.9,1.1,0.7,1.7,0.9,1.6,5.8,
Javonte Green,31,CLE,SG,1,0,6.0,2.0,2.0,1.000,0.0,0.0,,2.0,2.0,1.000,1.000,0.0,0.0,,0.0,3.0,3.0,0.0,0.0,0.0,0.0,0.0,4.0,
Donovan Clingan,20,POR,C,44,14,16.6,2.4,4.2,.559,0.2,0.5,.304,2.2,3.7,.595,.578,0.8,1.2,.686,2.8,4.1,6.8,0.7,0.5,1.6,1.2,2.6,5.7,
Talen Horton-Tucker,24,CHI,SG,42,0,11.3,2.0,4.6,.443,0.7,2.0,.365,1.3,2.5,.505,.523,0.9,1.2,.725,0.3,1.4,1.7,1.3,0.4,0.2,0.7,1.0,5.7,
Quenton Jackson,26,IND,PG,18,7,14.1,2.2,4.2,.513,0.5,1.3,.375,1.7,2.9,.577,.572,0.8,1.2,.714,0.6,0.9,1.5,1.7,0.5,0.3,0.6,1.8,5.7,
Jeremiah Robinson-Earl,24,NOP,PF,45,6,17.6,2.1,4.8,.444,0.7,2.2,.330,1.4,2.5,.544,.521,0.7,0.8,.865,1.7,2.9,4.6,1.2,0.6,0.1,0.7,1.2,5.7,
Dean Wade,28,CLE,PF,38,26,22.4,2.0,4.9,.406,1.4,4.1,.344,0.6,0.9,.697,.548,0.3,0.7,.520,1.0,4.1,5.1,1.6,0.8,0.4,0.4,2.0,5.7,
Gabe Vincent,28,LAL,PG,48,6,20.2,2.1,5.3,.394,1.3,3.8,.333,0.8,1.5,.541,.512,0.1,0.3,.583,0.3,1.0,1.2,1.4,0.7,0.2,0.6,2.1,5.6,
Jamison Battle,23,TOR,SF,39,0,12.6,1.9,4.2,.460,1.3,3.2,.423,0.6,1.0,.575,.620,0.3,0.4,.857,0.5,1.3,1.8,0.8,0.1,0.1,0.3,1.1,5.5,
Jeff Green,38,HOU,PF,18,2,12.2,1.9,3.8,.515,0.8,2.4,.326,1.2,1.4,.840,.618,0.8,1.0,.833,0.3,1.2,1.5,0.4,0.2,0.1,0.3,1.0,5.5,
Kevin Love,36,MIA,PF,19,6,10.9,1.8,5.2,.354,1.1,3.1,.362,0.7,2.2,.341,.460,0.7,1.0,.684,0.9,3.2,4.1,1.0,0.7,0.1,0.7,0.9,5.5,
Tristan Vukcevic,21,WAS,C,17,0,8.6,2.0,3.8,.531,0.6,1.8,.333,1.4,2.0,.706,.609,0.9,1.2,.762,0.5,2.1,2.6,0.8,0.2,0.2,0.7,1.2,5.5,
Kyle Anderson,31,MIA,SF,5,1,16.8,1.8,4.6,.391,0.2,0.6,.333,1.6,4.0,.400,.413,2.4,3.2,.750,2.0,2.4,4.4,1.6,0.0,0.4,0.4,1.6,6.2,
Drew Eubanks,27,LAC,C,5,0,9.6,1.2,2.2,.545,0.0,0.2,.000,1.2,2.0,.600,.545,0.0,0.0,,1.4,1.0,2.4,0.2,0.0,0.2,0.2,0.2,2.4,
Gary Payton II,32,GSW,SG,46,10,13.4,2.3,4.1,.558,0.3,1.3,.271,2.0,2.8,.687,.600,0.5,0.6,.724,0.8,2.0,2.8,1.3,0.7,0.3,0.6,1.7,5.4,
Kobe Bufkin,21,ATL,SG,10,0,12.4,1.8,4.7,.383,0.4,1.9,.211,1.4,2.8,.500,.426,1.3,1.8,.722,0.5,1.6,2.1,1.7,0.3,0.2,0.8,0.9,5.3,
Moussa DiabatÃ©,23,CHO,C,48,7,19.1,2.2,3.6,.594,0.0,0.0,.000,2.2,3.6,.601,.594,1.0,1.8,.571,3.0,4.0,7.0,0.9,0.7,0.7,0.9,1.6,5.3,
Jonathan Mogbo,23,TOR,PF,45,11,17.8,2.0,4.5,.453,0.3,1.0,.326,1.7,3.6,.488,.488,0.9,1.3,.700,1.6,2.5,4.1,1.7,0.7,0.5,0.9,2.1,5.3,
Jaylin Williams,22,OKC,PF,28,5,16.8,1.9,5.0,.388,1.1,3.5,.320,0.8,1.5,.548,.500,0.4,0.4,1.000,1.3,4.4,5.7,2.4,0.4,0.7,0.8,1.8,5.3,
Lindy Waters III,27,DET,SG,2,0,6.0,0.0,2.0,.000,0.0,2.0,.000,0.0,0.0,,.000,0.0,0.0,,0.5,0.0,0.5,0.5,0.0,0.0,0.0,0.5,0.0,
Luke Kornet,29,BOS,C,51,7,17.2,2.1,3.2,.661,0.0,0.0,.000,2.1,3.2,.665,.661,0.9,1.2,.762,2.4,2.7,5.0,1.6,0.5,0.9,0.4,1.5,5.2,
Jaylen Clark,23,MIN,SG,17,3,15.7,1.8,3.9,.455,0.7,1.6,.429,1.1,2.2,.474,.545,0.8,1.1,.778,0.9,0.6,1.5,0.6,1.0,0.1,0.1,1.7,5.1,
Neemias Queta,25,BOS,C,45,5,14.2,2.2,3.3,.655,0.0,0.0,.000,2.2,3.2,.664,.655,0.8,1.1,.729,1.4,2.3,3.6,0.6,0.3,0.7,0.6,1.8,5.1,
Tidjane SalaÃ¼n,19,CHO,PF,43,8,19.3,1.7,5.4,.305,0.9,3.2,.270,0.8,2.2,.354,.384,1.0,1.3,.719,1.2,3.0,4.2,1.0,0.6,0.3,0.9,1.3,5.1,
Zach Collins,27,CHI,PF,4,1,18.3,2.8,5.8,.478,0.5,2.5,.200,2.3,3.3,.692,.522,2.5,2.5,1.000,2.3,3.0,5.3,1.3,0.8,0.5,0.5,2.3,8.5,
Killian Hayes,23,BRK,PG,3,2,24.0,1.7,5.3,.313,0.3,2.0,.167,1.3,3.3,.400,.344,1.3,2.0,.667,0.7,2.0,2.7,5.7,0.7,1.0,1.3,2.3,5.0,
DaQuan Jeffries,27,CHO,SG,22,2,19.2,1.9,4.7,.398,0.8,2.8,.295,1.0,1.9,.548,.485,0.4,0.5,.818,0.8,1.9,2.7,1.1,0.6,0.5,0.6,2.0,5.0,
Kevon Looney,28,GSW,C,52,6,16.0,2.1,4.2,.502,0.0,0.0,.000,2.1,4.2,.507,.502,0.8,1.4,.556,2.8,3.9,6.8,1.8,0.7,0.4,0.6,2.2,5.0,
Alondes Williams,25,DET,SG,1,0,4.0,2.0,2.0,1.000,1.0,1.0,1.000,1.0,1.0,1.000,1.250,0.0,0.0,,0.0,0.0,0.0,1.0,0.0,0.0,0.0,0.0,5.0,
Monte Morris,29,PHO,PG,40,0,13.1,1.7,4.3,.404,0.6,1.8,.301,1.2,2.5,.480,.468,0.9,1.0,.850,0.3,1.2,1.4,1.7,0.4,0.1,0.4,0.5,4.9,
Ryan Rollins,22,MIL,PG,39,8,12.5,1.9,4.2,.451,0.6,1.8,.348,1.3,2.4,.526,.524,0.5,0.6,.833,0.4,1.2,1.6,1.3,0.7,0.3,0.8,1.4,4.9,
Aaron Holiday,28,HOU,PG,42,3,12.5,1.6,4.0,.411,0.9,2.5,.349,0.8,1.5,.516,.521,0.6,0.7,.862,0.2,1.0,1.3,1.3,0.4,0.1,0.5,1.1,4.8,
Karlo MatkoviÄ,23,NOP,PF,20,2,14.9,1.8,3.2,.563,0.4,1.0,.368,1.5,2.3,.644,.617,0.8,0.9,.941,1.3,2.4,3.7,0.8,0.5,1.1,1.0,2.3,4.8,
Tre Jones,25,CHI,PG,6,0,16.5,2.0,4.7,.429,0.2,0.8,.200,1.8,3.8,.478,.446,1.8,1.8,1.000,0.5,1.5,2.0,2.3,1.0,0.2,0.3,0.7,6.0,
David Roddy,23,PHI,PF,3,0,9.7,2.7,6.3,.421,0.7,3.7,.182,2.0,2.7,.750,.474,0.0,0.0,,0.7,2.3,3.0,1.0,0.7,0.0,0.3,0.3,6.0,
Marvin Bagley III,25,MEM,PF,1,0,2.0,0.0,0.0,,0.0,0.0,,0.0,0.0,,,0.0,0.0,,0.0,0.0,0.0,0.0,0.0,0.0,0.0,0.0,0.0,
Taylor Hendricks,21,UTA,PF,3,3,25.0,1.3,6.0,.222,1.0,4.0,.250,0.3,2.0,.167,.306,1.0,1.3,.750,1.7,3.3,5.0,0.7,1.7,1.3,0.7,2.7,4.7,
Jordan Miller,25,LAC,SF,30,0,12.4,1.8,4.2,.429,0.3,1.2,.222,1.5,3.0,.511,.460,0.9,1.1,.788,0.7,1.0,1.7,1.1,0.5,0.2,0.7,0.7,4.7,
Mo Bamba,26,LAC,C,28,2,12.6,1.7,3.7,.466,0.5,1.8,.300,1.2,1.9,.623,.539,0.6,0.9,.680,0.9,3.4,4.3,0.6,0.3,1.0,0.7,1.8,4.6,
Charles Bassey,24,SAS,C,34,1,10.7,2.0,3.4,.586,0.0,0.0,,2.0,3.4,.586,.586,0.6,1.0,.636,1.6,2.8,4.4,0.5,0.4,0.9,0.7,1.4,4.6,
Trentyn Flowers,19,LAC,SF,2,0,8.0,2.0,4.5,.444,0.0,1.0,.000,2.0,3.5,.571,.444,0.5,0.5,1.000,0.5,1.5,2.0,0.0,0.0,0.0,0.5,1.5,4.5,
Sandro Mamukelashvili,25,SAS,PF,36,0,8.5,1.6,3.1,.518,0.7,1.9,.388,0.9,1.3,.711,.634,0.6,0.8,.724,0.6,1.8,2.4,0.5,0.3,0.3,0.4,0.8,4.5,
Julian Phillips,21,CHI,SF,56,3,13.3,1.6,3.5,.442,0.6,1.9,.336,0.9,1.6,.567,.533,0.8,1.0,.737,0.9,1.2,2.0,0.4,0.5,0.3,0.4,1.3,4.5,
Trevelin Queen,27,ORL,SG,26,2,14.3,1.7,4.8,.355,0.6,2.5,.246,1.1,2.3,.475,.419,0.5,0.6,.867,0.8,0.8,1.6,1.3,1.0,0.4,0.8,1.4,4.5,
Jett Howard,21,ORL,SF,48,0,11.4,1.6,4.2,.369,1.0,3.1,.313,0.6,1.2,.518,.483,0.3,0.4,.750,0.4,0.9,1.3,0.8,0.2,0.2,0.5,1.0,4.4,
Reggie Jackson,34,PHI,PG,31,1,12.4,1.7,4.3,.391,0.8,2.4,.338,0.9,1.9,.458,.485,0.2,0.3,.778,0.3,1.1,1.4,1.5,0.5,0.1,0.5,1.1,4.4,
Pat Connaughton,32,MIL,SG,31,0,14.8,1.6,3.7,.431,0.6,2.0,.323,1.0,1.7,.556,.517,0.4,0.5,.765,0.5,2.1,2.6,1.6,0.2,0.3,0.6,1.1,4.3,
Daniel Theis,32,NOP,C,38,9,16.3,1.6,3.4,.473,0.2,1.0,.243,1.4,2.4,.565,.508,0.8,1.0,.838,1.2,3.2,4.3,1.6,0.5,0.5,0.7,1.8,4.3,
Malaki Branham,21,SAS,SG,33,0,8.9,1.5,3.5,.431,0.6,1.6,.389,0.9,1.9,.468,.522,0.5,0.6,.850,0.1,1.0,1.1,0.8,0.2,0.1,0.8,0.5,4.2,
Paul Reed,25,DET,C,32,0,9.4,1.6,3.1,.531,0.2,0.7,.286,1.4,2.4,.597,.561,0.8,1.0,.806,0.9,1.6,2.5,0.9,1.0,0.6,0.5,1.6,4.2,
Terrence Shannon Jr.,24,MIN,SG,19,0,10.3,1.7,3.5,.493,0.2,0.9,.222,1.5,2.6,.592,.522,0.5,0.6,.833,0.4,1.2,1.5,1.1,0.3,0.2,0.5,0.7,4.2,
Dalen Terry,22,CHI,SG,51,1,12.6,1.5,3.2,.472,0.4,1.2,.339,1.1,2.0,.548,.534,0.7,1.1,.704,0.5,1.0,1.5,1.2,0.5,0.2,0.7,1.5,4.2,
Elfrid Payton,30,CHO,PG,6,2,20.5,0.5,3.5,.143,0.0,0.0,,0.5,3.5,.143,.143,0.0,0.0,,0.2,2.0,2.2,3.3,1.0,0.5,1.2,2.0,1.0,
Micah Potter,26,UTA,C,26,9,17.3,1.4,3.1,.444,0.9,2.4,.387,0.5,0.7,.632,.593,0.4,0.5,.917,1.2,2.8,4.0,0.7,0.2,0.3,0.7,1.3,4.1,
Cody Williams,20,UTA,SG,32,12,20.6,1.5,4.6,.322,0.5,2.3,.236,0.9,2.3,.405,.380,0.7,0.9,.724,0.6,1.8,2.4,1.3,0.5,0.3,0.8,1.8,4.1,
Jock Landale,29,HOU,C,29,0,10.6,1.5,3.3,.458,0.2,0.5,.429,1.3,2.8,.463,.490,0.8,1.1,.688,1.3,1.9,3.2,0.9,0.2,0.3,0.4,1.0,4.0,
Kyle Lowry,38,PHI,PG,33,12,18.9,1.2,3.4,.351,0.8,2.5,.337,0.3,0.8,.393,.477,0.8,1.0,.818,0.3,1.6,2.0,2.8,0.9,0.3,0.6,1.8,4.0,
Dariq Whitehead,20,BRK,SF,9,0,6.3,1.3,2.8,.480,1.2,2.3,.524,0.1,0.4,.250,.700,0.1,0.3,.333,0.1,0.6,0.7,0.1,0.3,0.1,0.7,0.2,4.0,
Mason Plumlee,34,PHO,C,57,18,17.8,1.6,2.6,.593,0.0,0.0,.000,1.6,2.6,.601,.593,0.9,1.5,.619,1.6,4.6,6.2,1.9,0.5,0.7,0.8,2.2,4.0,
Josh Richardson,31,MIA,SG,8,0,18.8,1.4,4.8,.289,0.8,2.8,.273,0.6,2.0,.313,.368,0.5,0.5,1.000,0.8,0.8,1.5,1.5,1.0,0.1,1.0,2.1,4.0,
Cam Spencer,24,MEM,SG,10,0,12.1,1.3,3.0,.433,0.5,1.6,.313,0.8,1.4,.571,.517,0.9,0.9,1.000,0.5,1.2,1.7,1.6,0.3,0.1,0.5,1.1,4.0,
Oscar Tshiebwe,25,UTA,C,4,0,13.5,1.0,1.5,.667,0.0,0.0,,1.0,1.5,.667,.667,2.0,2.5,.800,1.8,4.0,5.8,0.3,1.3,0.0,0.3,3.0,4.0,
Jabari Walker,22,POR,SF,41,1,11.0,1.5,3.1,.488,0.3,1.0,.286,1.2,2.1,.586,.535,0.7,1.0,.675,0.8,2.4,3.2,0.5,0.6,0.1,0.5,1.4,4.0,
Kris Murray,24,POR,SF,48,1,13.2,1.6,3.5,.452,0.4,1.4,.275,1.2,2.1,.576,.509,0.3,0.8,.421,1.0,1.1,2.1,0.9,0.4,0.2,0.5,0.9,3.9,
Antonio Reeves,24,NOP,SG,27,0,9.8,1.5,3.7,.406,0.6,2.0,.315,0.9,1.7,.511,.490,0.3,0.3,.875,0.3,0.7,1.0,0.7,0.3,0.1,0.3,0.4,3.9,
Jeenathan Williams,25,HOU,SG,7,0,5.6,1.7,2.6,.667,0.4,1.0,.429,1.3,1.6,.818,.750,0.0,0.0,,0.1,0.6,0.7,0.6,0.4,0.4,0.6,0.4,3.9,
Orlando Robinson,24,TOR,C,14,2,14.9,1.8,4.2,.424,0.1,0.8,.182,1.6,3.4,.479,.441,1.1,1.4,.842,1.6,2.4,3.9,1.3,0.3,0.2,1.1,2.0,4.9,
Patty Mills,36,LAC,PG,5,0,5.2,0.6,1.8,.333,0.6,1.8,.333,0.0,0.0,,.500,0.2,0.4,.500,0.0,0.0,0.0,0.6,0.2,0.0,0.2,1.2,2.0,
Devin Carter,22,SAC,PG,18,0,9.3,1.2,3.7,.333,0.5,1.8,.273,0.7,1.8,.394,.402,0.8,1.1,.750,0.4,1.9,2.3,1.2,0.3,0.2,0.4,0.8,3.8,
Pelle Larsson,23,MIA,SG,36,1,12.6,1.3,2.9,.453,0.5,1.5,.340,0.8,1.5,.566,.538,0.6,0.9,.667,0.4,1.1,1.5,0.9,0.4,0.1,0.4,1.7,3.8,
Olivier-Maxence Prosper,22,DAL,PF,48,4,10.9,1.4,3.3,.406,0.2,1.0,.217,1.1,2.4,.482,.438,0.9,1.4,.636,0.9,1.5,2.5,0.8,0.5,0.1,0.3,0.6,3.8,
Gui Santos,22,GSW,PF,33,1,13.0,1.3,2.9,.438,0.7,1.9,.371,0.6,1.0,.559,.557,0.5,0.7,.708,1.3,1.8,3.0,1.3,0.4,0.2,0.7,1.6,3.8,
Brandon Williams,25,DAL,PG,20,0,8.6,1.3,2.8,.446,0.5,1.2,.435,0.8,1.7,.455,.536,0.8,1.0,.789,0.1,0.7,0.8,1.2,0.3,0.1,0.7,0.6,3.8,
Jevon Carter,29,CHI,PG,27,0,7.2,1.3,3.2,.407,0.9,2.3,.371,0.4,0.9,.500,.541,0.3,0.4,.800,0.1,0.9,0.9,1.0,0.3,0.0,0.3,0.3,3.7,
Ousmane Dieng,21,OKC,C,30,0,11.1,1.4,3.5,.400,0.6,2.0,.283,0.8,1.5,.556,.481,0.4,0.5,.688,0.5,1.8,2.3,0.9,0.5,0.2,0.5,0.9,3.7,
Andre Jackson Jr.,23,MIL,SG,54,43,16.5,1.5,3.2,.469,0.5,1.3,.386,1.0,1.9,.524,.546,0.2,0.3,.556,1.1,2.0,3.0,1.4,0.6,0.2,0.9,1.9,3.7,
Damion Lee,32,PHO,SG,15,0,6.7,1.1,3.4,.333,0.3,1.7,.200,0.8,1.7,.462,.382,1.1,1.1,.941,0.1,0.7,0.9,0.5,0.3,0.0,0.4,0.3,3.7,
Wendell Moore Jr.,23,CHO,SG,4,0,18.5,2.5,6.0,.417,0.5,1.5,.333,2.0,4.5,.444,.458,0.5,0.8,.667,2.0,1.5,3.5,0.3,0.3,0.0,1.0,1.5,6.0,
Steven Adams,31,HOU,C,39,2,12.4,1.4,2.7,.529,0.0,0.0,,1.4,2.7,.529,.529,0.7,1.7,.446,2.7,2.5,5.2,1.0,0.3,0.4,0.9,1.0,3.6,
Isaac Jones,24,SAC,PF,25,0,8.7,1.5,2.3,.655,0.0,0.2,.250,1.5,2.2,.685,.664,0.6,1.0,.538,0.6,1.0,1.5,0.3,0.1,0.3,0.5,1.0,3.6,
Jae'Sean Tate,29,HOU,SF,38,2,11.4,1.3,2.9,.455,0.2,0.8,.290,1.1,2.1,.519,.496,0.7,1.1,.659,0.9,1.2,2.1,0.9,0.6,0.1,0.5,1.8,3.6,
Moses Brown,25,DAL,C,2,0,10.5,2.0,3.0,.667,0.0,0.0,,2.0,3.0,.667,.667,0.5,0.5,1.000,1.5,4.0,5.5,1.0,0.5,0.5,2.5,1.0,4.5,
Jamal Cain,25,NOP,SF,21,0,12.3,1.2,3.0,.406,0.5,1.7,.278,0.8,1.3,.571,.484,0.6,0.9,.667,0.8,1.5,2.3,0.5,0.4,0.3,0.5,1.1,3.5,
Luka Garza,26,MIN,C,26,0,6.1,1.4,3.0,.462,0.2,1.0,.222,1.2,2.0,.588,.500,0.5,0.7,.722,1.0,0.7,1.8,0.2,0.1,0.1,0.3,1.0,3.5,
Dario Å ariÄ,30,DEN,C,14,4,14.2,1.3,3.9,.333,0.4,1.7,.250,0.9,2.1,.400,.389,0.5,0.7,.700,1.0,2.5,3.5,1.6,0.5,0.1,1.0,1.3,3.5,
Landry Shamet,27,NYK,SG,25,0,11.3,1.4,3.0,.461,0.6,1.8,.341,0.8,1.3,.625,.559,0.1,0.3,.429,0.2,0.7,0.9,0.6,0.4,0.1,0.4,0.8,3.5,
TyTy Washington Jr.,23,PHO,PG,8,0,11.1,1.4,4.3,.324,0.4,2.0,.188,1.0,2.3,.444,.368,0.4,0.5,.750,0.5,1.0,1.5,1.5,0.4,0.0,0.3,0.1,3.5,
Nicolas Batum,36,LAC,PF,55,2,17.2,1.1,2.9,.390,0.9,2.4,.386,0.2,0.5,.407,.550,0.2,0.3,.786,0.6,2.2,2.8,1.2,0.7,0.4,0.4,1.5,3.4,
Bruno Fernando,26,TOR,C,17,2,8.6,1.5,2.9,.531,0.0,0.0,,1.5,2.9,.531,.531,0.4,0.5,.750,1.2,1.8,3.0,1.1,0.2,0.5,0.8,1.6,3.4,
Oso Ighodaro,22,PHO,PF,42,2,14.4,1.5,2.6,.574,0.0,0.0,.000,1.5,2.5,.585,.574,0.5,0.9,.528,0.8,2.3,3.2,1.0,0.4,0.4,0.5,1.5,3.4,
DeAndre Jordan,36,DEN,C,43,2,11.6,1.5,2.3,.653,0.0,0.0,,1.5,2.3,.653,.653,0.3,0.8,.424,1.4,3.3,4.7,0.8,0.3,0.5,0.7,1.3,3.4,
Reed Sheppard,20,HOU,PG,41,0,11.5,1.3,4.1,.310,0.7,2.5,.275,0.6,1.6,.364,.393,0.2,0.2,.900,0.4,1.0,1.4,1.0,0.6,0.3,0.6,0.9,3.4,
Jeff Dowtin,27,PHI,PG,26,0,10.9,1.3,3.4,.382,0.2,1.0,.240,1.1,2.5,.438,.416,0.5,0.7,.706,0.2,1.0,1.2,1.5,0.3,0.2,0.2,0.6,3.3,
Doug McDermott,33,SAC,SF,32,3,8.3,1.1,2.7,.424,1.0,2.3,.431,0.2,0.4,.385,.606,0.1,0.2,.600,0.1,0.5,0.5,0.1,0.1,0.0,0.2,0.8,3.3,
Jalen Pickett,25,DEN,SG,27,0,10.7,1.3,3.0,.444,0.6,1.6,.381,0.7,1.4,.513,.543,0.1,0.1,1.000,0.2,0.9,1.1,1.8,0.3,0.1,0.4,0.5,3.3,
Cam Reddish,25,LAL,SF,31,8,18.1,1.2,2.8,.430,0.4,1.5,.289,0.8,1.3,.585,.506,0.5,0.8,.615,0.5,1.5,2.0,0.7,1.0,0.3,0.4,1.4,3.3,
Nae'Qwan Tomlin,24,CLE,PF,3,0,4.7,1.3,2.7,.500,0.0,0.7,.000,1.3,2.0,.667,.500,0.7,1.0,.667,0.3,1.7,2.0,0.0,0.0,0.0,0.3,0.7,3.3,
Jarred Vanderbilt,25,LAL,PF,12,0,15.2,1.3,2.8,.471,0.3,0.9,.364,1.0,1.9,.522,.529,0.3,0.8,.400,1.8,3.5,5.3,1.3,1.1,0.1,0.8,1.8,3.3,
Elijah Harkless,24,UTA,SG,10,0,13.8,1.1,3.5,.314,0.7,2.5,.280,0.4,1.0,.400,.414,0.3,0.6,.500,0.9,1.2,2.1,0.8,1.0,0.1,0.3,1.8,3.2,
Craig Porter Jr.,24,CLE,PG,37,0,9.2,1.3,2.3,.553,0.4,0.8,.467,0.9,1.5,.600,.635,0.3,0.4,.769,0.3,0.9,1.2,1.4,0.4,0.3,0.6,0.4,3.2,
Jackson Rowe,28,GSW,PF,5,0,8.6,1.2,3.0,.400,0.4,1.8,.222,0.8,1.2,.667,.467,0.4,0.8,.500,0.0,1.6,1.6,0.6,0.6,0.0,0.2,0.8,3.2,
Jaylon Tyson,22,CLE,SG,38,2,9.5,1.2,2.6,.465,0.4,1.0,.368,0.8,1.6,.525,.535,0.4,0.5,.778,0.8,1.3,2.1,0.9,0.2,0.1,0.5,1.1,3.2,
Dominick Barlow,21,ATL,SF,17,2,8.1,1.3,2.7,.478,0.3,0.8,.385,1.0,1.9,.515,.533,0.2,0.5,.500,0.5,1.2,1.6,0.2,0.2,0.4,0.1,0.7,3.1,
Gary Harris,30,ORL,SG,31,2,15.5,1.1,3.0,.366,0.7,2.3,.324,0.4,0.7,.500,.489,0.2,0.3,.600,0.5,0.7,1.2,0.5,0.6,0.3,0.4,0.9,3.1,
JT Thor,22,CLE,PF,9,0,4.7,1.0,1.7,.600,0.3,0.7,.500,0.7,1.0,.667,.700,0.8,0.9,.875,0.3,0.3,0.7,0.1,0.2,0.3,0.7,0.7,3.1,
Collin Gillespie,25,PHO,PG,9,0,5.0,1.1,2.0,.556,0.3,0.7,.500,0.8,1.3,.583,.639,0.4,0.6,.800,0.3,0.4,0.8,0.8,0.2,0.2,0.2,0.4,3.0,
Mason Jones,26,SAC,SG,7,0,5.0,1.3,2.3,.563,0.1,0.9,.167,1.1,1.4,.800,.594,0.3,0.4,.667,0.3,0.9,1.1,1.4,0.0,0.0,0.1,0.4,3.0,
Kylor Kelley,27,DAL,C,8,1,8.4,1.3,1.6,.769,0.0,0.0,,1.3,1.6,.769,.769,0.5,0.8,.667,1.0,1.6,2.6,0.3,0.0,0.3,0.1,1.0,3.0,
Maxi Kleber,33,DAL,PF,34,4,18.7,1.1,2.8,.385,0.4,1.4,.265,0.7,1.4,.511,.453,0.5,0.6,.762,0.7,2.1,2.8,1.3,0.3,0.5,0.7,1.9,3.0,
Taze Moore,26,POR,SG,2,0,10.0,1.0,5.0,.200,0.5,2.0,.250,0.5,3.0,.167,.250,0.5,1.0,.500,2.0,2.0,4.0,0.5,1.0,0.0,1.0,0.0,3.0,
Adem Bona,21,PHI,C,39,1,11.0,1.1,1.6,.689,0.0,0.0,,1.1,1.6,.689,.689,0.8,1.2,.652,1.0,1.8,2.8,0.3,0.2,0.7,0.7,1.9,2.9,
Jae Crowder,34,SAC,PF,7,2,13.1,0.9,2.4,.353,0.4,1.7,.250,0.4,0.7,.600,.441,0.7,0.9,.833,0.9,1.6,2.4,0.6,0.4,0.0,0.6,1.4,2.9,
Taj Gibson,39,CHO,C,24,11,11.9,1.2,2.6,.460,0.0,0.1,.500,1.2,2.5,.459,.468,0.5,0.7,.688,1.6,2.3,3.9,0.6,0.3,0.5,0.8,1.6,2.9,
Caleb Houstan,22,ORL,SF,39,5,11.6,0.9,2.8,.333,0.8,2.4,.323,0.2,0.4,.400,.472,0.3,0.3,.909,0.3,0.6,1.0,0.4,0.2,0.1,0.1,1.0,2.9,
Zeke Nnaji,24,DEN,PF,37,2,9.1,1.2,2.4,.517,0.2,0.8,.241,1.0,1.6,.655,.557,0.3,0.5,.588,0.5,1.0,1.5,0.2,0.3,0.5,0.2,0.9,2.9,
Tyler Smith,20,MIL,PF,15,0,5.0,1.1,2.3,.500,0.5,1.3,.400,0.6,0.9,.643,.618,0.1,0.3,.500,0.3,1.0,1.3,0.3,0.1,0.2,0.4,0.5,2.9,
Pat Spencer,28,GSW,PG,26,0,7.3,1.2,3.1,.388,0.1,0.6,.125,1.1,2.5,.453,.400,0.4,0.6,.733,0.5,1.0,1.5,1.4,0.4,0.1,0.5,0.6,2.9,
Blake Wesley,21,SAS,SG,34,0,8.6,1.1,2.5,.464,0.1,0.7,.217,1.0,1.8,.557,.494,0.5,0.7,.739,0.2,0.5,0.7,1.8,0.4,0.1,0.8,0.5,2.9,
Branden Carlson,25,OKC,C,19,0,5.6,1.0,2.1,.487,0.7,1.6,.452,0.3,0.4,.625,.667,0.1,0.1,1.000,0.3,1.1,1.4,0.3,0.1,0.3,0.2,0.6,2.8,
AJ Johnson,20,WAS,SG,3,0,8.7,1.0,2.7,.375,0.3,1.7,.200,0.7,1.0,.667,.438,0.0,0.0,,0.0,0.7,0.7,1.7,0.0,0.0,0.3,1.7,2.3,
Drew Peterson,25,BOS,PF,14,0,9.1,0.9,1.8,.480,0.6,1.4,.421,0.3,0.4,.667,.640,0.4,0.5,.857,0.4,1.6,1.9,0.8,0.1,0.1,0.4,0.9,2.7,
Trey Jemison,25,LAL,C,9,0,8.6,1.3,2.2,.600,0.0,0.0,,1.3,2.2,.600,.600,0.1,0.4,.250,0.8,1.8,2.6,0.2,0.1,0.6,0.4,2.0,2.8,
John Konchar,28,MEM,SG,30,3,12.6,0.9,2.2,.424,0.5,1.5,.326,0.4,0.7,.650,.538,0.2,0.2,.833,0.9,2.6,3.5,1.0,0.5,0.4,0.3,0.8,2.5,
E.J. Liddell,24,CHI,PF,6,0,5.2,0.8,1.3,.625,0.5,1.0,.500,0.3,0.3,1.000,.813,0.3,0.3,1.000,0.2,0.7,0.8,0.5,0.2,0.2,0.3,1.3,2.5,
Duop Reath,28,POR,C,27,0,5.5,0.9,2.1,.414,0.4,1.4,.316,0.4,0.7,.600,.517,0.3,0.4,.800,0.4,0.6,1.0,0.3,0.0,0.1,0.2,0.6,2.5,
Lonnie Walker IV,26,PHI,SG,2,0,17.0,1.0,7.0,.143,0.5,5.0,.100,0.5,2.0,.250,.179,0.0,0.0,,0.0,4.5,4.5,1.5,0.0,0.0,1.0,0.5,2.5,
Delon Wright,32,NYK,PG,3,0,4.3,0.3,0.7,.500,0.0,0.3,.000,0.3,0.3,1.000,.500,0.7,1.3,.500,0.0,0.3,0.3,0.7,0.3,0.3,0.0,0.0,1.3,
Kobe Brown,25,LAC,PF,25,0,7.5,1.0,2.2,.481,0.2,0.8,.211,0.9,1.4,.629,.519,0.2,0.2,.800,0.6,1.3,1.9,0.6,0.2,0.1,0.3,0.6,2.4,
Johnny Davis,22,WAS,SG,34,0,7.1,0.9,2.3,.410,0.2,0.9,.241,0.7,1.4,.510,.455,0.3,0.4,.600,0.3,0.8,1.1,0.3,0.4,0.2,0.2,0.5,2.4,
Josh Minott,22,MIN,SF,34,0,6.6,0.9,2.1,.451,0.2,0.9,.226,0.7,1.2,.625,.500,0.3,0.4,.846,0.3,0.8,1.1,0.4,0.4,0.3,0.2,0.8,2.4,
Markieff Morris,35,LAL,PF,3,0,6.7,1.0,3.3,.300,1.0,2.3,.429,0.0,1.0,.000,.450,0.7,0.7,1.000,0.0,0.3,0.3,1.0,0.0,0.0,0.3,1.0,3.7,
Vlatko ÄanÄar,27,DEN,PF,4,0,8.5,1.0,1.8,.571,0.3,0.5,.500,0.8,1.3,.600,.643,0.0,0.0,,0.8,1.3,2.0,0.0,0.0,0.3,0.5,1.0,2.3,
Kessler Edwards,24,DAL,SF,29,9,11.4,1.0,2.3,.418,0.2,0.9,.259,0.7,1.4,.525,.470,0.1,0.1,1.000,0.5,1.9,2.4,0.9,0.4,0.4,0.3,1.2,2.3,
Lester QuiÃ±ones,24,PHI,SG,4,0,4.3,1.0,2.0,.500,0.0,0.8,.000,1.0,1.3,.800,.500,0.3,0.3,1.000,0.8,0.3,1.0,0.3,0.0,0.0,1.0,0.0,2.3,
Rayan Rupert,20,POR,SG,38,0,7.9,0.8,2.1,.400,0.3,0.9,.278,0.6,1.2,.500,.463,0.4,0.5,.750,0.6,0.7,1.2,0.5,0.2,0.1,0.5,0.6,2.3,
MarJon Beauchamp,24,LAC,SF,3,0,5.7,1.3,2.3,.571,0.7,1.0,.667,0.7,1.3,.500,.714,0.7,1.3,.500,0.7,0.3,1.0,0.7,0.0,0.0,0.3,0.7,4.0,
Dillon Jones,23,OKC,SF,36,0,9.0,0.8,2.4,.333,0.3,1.3,.208,0.5,1.1,.487,.391,0.3,0.6,.550,0.6,1.4,2.0,1.0,0.2,0.1,0.4,1.0,2.2,
Kai Jones,24,LAC,C,28,0,7.4,0.9,1.3,.722,0.0,0.1,.000,0.9,1.2,.765,.722,0.3,0.4,.750,0.5,1.1,1.6,0.4,0.2,0.5,0.4,0.8,2.2,
Christian Koloko,24,LAL,C,29,0,8.5,1.0,1.5,.651,0.0,0.1,.000,1.0,1.4,.683,.651,0.2,0.3,.875,1.0,1.2,2.2,0.4,0.2,0.3,0.2,1.1,2.2,
A.J. Lawson,24,TOR,SG,5,0,3.2,0.8,1.6,.500,0.4,1.0,.400,0.4,0.6,.667,.625,0.2,0.6,.333,0.2,0.6,0.8,0.0,0.0,0.0,0.0,0.0,2.2,
Patrick Baldwin Jr.,22,WAS,SF,22,0,4.6,0.8,1.5,.515,0.5,1.0,.524,0.3,0.5,.500,.682,0.1,0.2,.500,0.2,0.8,1.0,0.1,0.1,0.1,0.2,0.2,2.1,
Chris Duarte,27,CHI,SG,17,0,4.4,0.7,1.5,.462,0.4,0.9,.400,0.4,0.6,.545,.577,0.4,0.5,.750,0.3,0.9,1.2,0.5,0.0,0.0,0.1,0.4,2.1,
Pete Nance,24,PHI,C,7,0,9.7,0.7,2.1,.333,0.6,1.7,.333,0.1,0.4,.333,.467,0.1,0.3,.500,0.3,1.1,1.4,0.4,0.1,0.0,0.0,1.4,2.1,
Hunter Tyson,24,DEN,PF,40,0,7.7,0.7,1.9,.365,0.4,1.2,.306,0.3,0.6,.480,.466,0.4,0.6,.696,0.4,1.2,1.5,0.4,0.1,0.1,0.3,0.9,2.1,
Reece Beekman,23,BRK,PG,22,0,10.7,0.8,2.5,.333,0.2,1.0,.182,0.6,1.5,.438,.370,0.2,0.4,.556,0.2,0.5,0.6,1.4,0.5,0.1,0.5,0.6,2.0,
Keion Brooks Jr.,24,NOP,SF,2,0,5.0,0.5,1.0,.500,0.0,0.5,.000,0.5,0.5,1.000,.500,1.0,2.0,.500,0.5,1.0,1.5,0.5,0.0,0.0,0.0,0.5,2.0,
Jalen Hood-Schifino,21,LAL,SG,2,0,7.0,0.5,0.5,1.000,0.0,0.0,,0.5,0.5,1.000,1.000,1.0,1.0,1.000,0.5,0.0,0.5,0.5,0.0,0.5,0.5,1.5,2.0,
Alex Reese,25,OKC,PF,1,0,2.0,1.0,1.0,1.000,0.0,0.0,,1.0,1.0,1.000,1.000,0.0,0.0,,1.0,0.0,1.0,0.0,0.0,0.0,0.0,0.0,2.0,
Adama Sanogo,22,CHI,C,4,0,5.3,1.0,1.8,.571,0.0,0.0,,1.0,1.8,.571,.571,0.0,0.0,,1.3,0.3,1.5,0.3,0.0,0.0,0.3,0.3,2.0,
Jaden Springer,22,UTA,PG,2,0,7.5,1.5,1.5,1.000,0.5,0.5,1.000,1.0,1.0,1.000,1.167,1.0,1.0,1.000,0.5,0.5,1.0,1.0,0.0,0.0,1.0,0.5,4.5,
Pacome Dadiet,19,NYK,SG,14,0,6.8,0.6,1.9,.333,0.4,1.2,.353,0.2,0.7,.300,.444,0.1,0.2,.667,0.0,1.0,1.0,0.4,0.2,0.1,0.1,0.4,1.9,
Cory Joseph,33,ORL,PG,32,0,7.3,0.7,1.9,.355,0.5,1.3,.349,0.2,0.6,.368,.476,0.1,0.1,.500,0.2,0.5,0.7,0.8,0.3,0.1,0.3,0.6,1.9,
Jordan McLaughlin,28,SAS,PG,3,0,1.7,0.3,0.3,1.000,0.3,0.3,1.000,0.0,0.0,,1.500,0.0,0.0,,0.0,0.0,0.0,0.7,0.0,0.0,0.0,0.3,1.0,
Cam Christie,19,LAC,SG,6,0,5.2,0.7,2.0,.333,0.3,1.3,.250,0.3,0.7,.500,.417,0.2,0.3,.500,0.2,0.8,1.0,0.3,0.3,0.0,0.3,0.3,1.8,
Anthony Gill,32,WAS,PF,38,0,5.7,0.6,1.2,.511,0.2,0.4,.375,0.4,0.8,.586,.578,0.4,0.7,.607,0.2,0.7,0.8,0.2,0.2,0.1,0.2,0.5,1.8,
Tyler Kolek,23,NYK,PG,29,0,5.1,0.6,1.6,.383,0.4,1.0,.393,0.2,0.7,.368,.500,0.2,0.2,1.000,0.1,0.4,0.5,0.8,0.2,0.0,0.3,0.4,1.8,
Leonard Miller,21,MIN,SF,8,0,2.8,0.4,1.5,.250,0.0,0.6,.000,0.4,0.9,.429,.250,1.0,1.0,1.000,0.4,0.9,1.3,0.0,0.1,0.1,0.3,0.3,1.8,
David Duke Jr.,25,SAS,SG,3,0,5.0,0.7,2.3,.286,0.0,0.3,.000,0.7,2.0,.333,.286,0.3,0.7,.500,0.0,0.7,0.7,0.7,0.0,0.0,0.3,0.3,1.7,
Enrique Freeman,24,IND,PF,19,1,7.3,0.6,1.3,.480,0.1,0.3,.167,0.6,1.0,.579,.500,0.4,0.7,.538,0.3,0.7,1.0,0.4,0.1,0.1,0.3,0.9,1.7,
Johnny Furphy,20,IND,SG,36,0,6.9,0.6,1.6,.368,0.3,0.9,.344,0.3,0.7,.400,.465,0.3,0.3,1.000,0.5,0.6,1.1,0.3,0.3,0.2,0.3,0.7,1.7,
Ariel Hukporti,22,NYK,C,24,0,8.4,0.7,1.1,.654,0.0,0.0,,0.7,1.1,.654,.654,0.3,0.5,.462,0.5,1.5,2.0,0.5,0.0,0.6,0.8,1.2,1.7,
Keshad Johnson,23,MIA,SF,10,0,5.7,0.7,1.2,.583,0.1,0.4,.250,0.6,0.8,.750,.625,0.1,0.6,.167,0.2,1.5,1.7,0.3,0.1,0.4,0.3,0.5,1.6,
Bryce McGowens,22,POR,SG,8,0,2.6,0.5,0.9,.571,0.0,0.3,.000,0.5,0.6,.800,.571,0.6,0.8,.833,0.1,0.0,0.1,0.1,0.1,0.0,0.4,0.3,1.6,
Tristan Thompson,33,CLE,C,31,0,7.5,0.7,1.6,.440,0.0,0.1,.000,0.7,1.5,.468,.440,0.2,0.7,.227,0.6,2.2,2.8,0.6,0.0,0.3,0.4,0.9,1.6,
Armel TraorÃ©,22,LAL,SF,9,0,7.4,0.7,2.1,.316,0.0,0.8,.000,0.7,1.3,.500,.316,0.2,0.8,.286,0.2,1.4,1.7,0.1,0.4,0.2,0.3,0.7,1.6,
Jericho Sims,26,MIL,C,4,0,15.5,0.3,0.5,.500,0.0,0.0,,0.3,0.5,.500,.500,0.0,0.0,,0.8,2.8,3.5,0.5,0.0,0.5,0.8,2.0,0.5,
Jazian Gortman,21,DAL,PG,16,0,3.6,0.6,1.4,.391,0.3,0.7,.364,0.3,0.8,.417,.478,0.1,0.3,.500,0.1,0.3,0.3,0.4,0.1,0.1,0.3,0.6,1.5,
Quincy Olivari,23,LAL,PG,2,0,5.0,0.5,2.5,.200,0.5,2.5,.200,0.0,0.0,,.300,0.0,0.0,,0.0,0.0,0.0,0.5,0.0,0.0,0.5,0.0,1.5,
Dwight Powell,33,DAL,C,34,0,7.9,0.4,0.6,.750,0.0,0.0,1.000,0.4,0.6,.737,.775,0.6,0.9,.667,0.7,1.1,1.9,0.7,0.4,0.5,0.2,1.2,1.5,
Matt Ryan,27,NYK,SF,19,0,3.6,0.5,1.6,.323,0.3,1.0,.316,0.2,0.6,.333,.419,0.1,0.1,1.000,0.0,0.4,0.4,0.2,0.1,0.0,0.2,0.1,1.5,
Jordan Walsh,20,BOS,PF,39,1,7.5,0.5,1.5,.368,0.3,1.0,.282,0.3,0.5,.556,.465,0.2,0.3,.583,0.4,0.7,1.1,0.3,0.2,0.2,0.2,0.5,1.5,
Colin Castleton,24,MEM,C,10,0,4.6,0.2,1.0,.200,0.0,0.4,.000,0.2,0.6,.333,.200,1.0,1.1,.909,0.3,0.6,0.9,0.0,0.1,0.1,0.1,0.6,1.4,
Alex Ducas,24,OKC,SG,16,0,4.6,0.5,1.4,.364,0.4,1.0,.438,0.1,0.4,.167,.523,0.0,0.0,,0.3,0.6,0.9,0.1,0.1,0.0,0.1,0.3,1.4,
Adam Flagler,25,OKC,SG,22,0,4.2,0.5,2.5,.218,0.3,2.0,.159,0.2,0.5,.455,.282,0.0,0.0,,0.1,0.2,0.4,0.0,0.2,0.1,0.0,0.4,1.4,
Bronny James,20,LAL,SG,17,0,4.2,0.4,1.6,.250,0.2,0.8,.231,0.2,0.9,.267,.304,0.4,0.5,.667,0.1,0.4,0.4,0.5,0.2,0.1,0.3,0.4,1.4,
Alex Len,31,LAL,C,3,0,11.7,0.7,1.7,.400,0.0,0.0,,0.7,1.7,.400,.400,0.0,0.0,,0.7,2.3,3.0,0.7,0.0,0.3,0.0,1.3,1.3,
Sidy Cissoko,20,SAS,SF,17,0,3.2,0.5,1.1,.500,0.2,0.4,.429,0.4,0.6,.545,.583,0.1,0.4,.167,0.2,0.4,0.6,0.4,0.1,0.0,0.1,0.4,1.3,
Jack McVeigh,28,HOU,PF,6,0,3.5,0.5,1.8,.273,0.3,1.3,.250,0.2,0.5,.333,.364,0.0,0.0,,0.2,0.5,0.7,0.2,0.0,0.2,0.2,0.2,1.3,
Isaiah Crawford,23,SAC,SF,6,0,4.0,0.5,1.0,.500,0.0,0.3,.000,0.5,0.7,.750,.500,0.2,0.3,.500,0.0,1.2,1.2,0.0,0.2,0.2,0.0,0.2,1.2,
Yuki Kawamura,23,MEM,PG,20,0,3.2,0.4,1.1,.364,0.2,0.8,.250,0.2,0.3,.667,.455,0.2,0.3,.667,0.0,0.4,0.4,0.7,0.1,0.0,0.2,0.4,1.2,
Chris Livingston,21,MIL,SF,12,1,4.8,0.4,1.1,.385,0.0,0.3,.000,0.4,0.8,.556,.385,0.3,0.5,.667,0.5,1.1,1.6,0.1,0.3,0.0,0.4,0.3,1.2,
Colby Jones,22,SAC,SG,24,0,5.4,0.5,1.1,.423,0.2,0.4,.400,0.3,0.7,.438,.500,0.0,0.0,,0.3,0.6,1.0,0.3,0.3,0.3,0.3,0.5,1.1,
Trey Alexander,21,DEN,SG,18,0,4.4,0.4,1.3,.292,0.1,0.6,.200,0.3,0.8,.357,.333,0.1,0.1,1.000,0.0,0.5,0.5,0.4,0.1,0.1,0.2,0.4,1.0,
Yuri Collins,23,GSW,PG,2,0,8.0,0.5,1.5,.333,0.0,0.0,,0.5,1.5,.333,.333,0.0,0.0,,1.0,0.5,1.5,2.0,1.0,0.0,0.0,2.5,1.0,
JD Davison,22,BOS,PG,6,0,4.5,0.3,1.0,.333,0.2,0.5,.333,0.2,0.5,.333,.417,0.2,0.3,.500,0.0,0.5,0.5,0.3,0.3,0.0,1.0,0.2,1.0,
PJ Hall,22,DEN,C,15,0,3.1,0.4,0.9,.429,0.0,0.3,.000,0.4,0.6,.667,.429,0.2,0.3,.750,0.3,0.8,1.1,0.2,0.0,0.1,0.1,0.4,1.0,
Emoni Bates,21,CLE,SF,7,0,3.9,0.3,2.0,.143,0.3,1.6,.182,0.0,0.4,.000,.214,0.0,0.0,,0.0,0.0,0.0,0.6,0.1,0.0,0.0,0.3,0.9,
Joe Ingles,37,MIN,SF,17,0,6.4,0.4,1.2,.300,0.2,0.8,.231,0.2,0.4,.429,.375,0.0,0.0,,0.1,0.5,0.6,1.3,0.1,0.0,0.5,0.6,0.9,
Xavier Tillman Sr.,26,BOS,C,27,1,7.3,0.4,1.5,.244,0.1,0.9,.174,0.2,0.7,.333,.293,0.0,0.1,.500,0.3,1.0,1.3,0.3,0.3,0.2,0.3,0.6,0.9,
Luke Travers,23,CLE,SG,9,0,6.1,0.3,1.2,.273,0.0,0.4,.000,0.3,0.8,.429,.273,0.2,0.2,1.000,0.6,0.8,1.3,0.6,0.1,0.1,0.6,0.4,0.9,
Jaylen Martin,21,WAS,SF,1,0,2.0,0.0,2.0,.000,0.0,0.0,,0.0,2.0,.000,.000,0.0,0.0,,1.0,1.0,2.0,0.0,0.0,0.0,0.0,0.0,0.0,
Jared Rhoden,25,TOR,SG,1,0,1.0,0.0,1.0,.000,0.0,0.0,,0.0,1.0,.000,.000,0.0,0.0,,0.0,0.0,0.0,0.0,0.0,0.0,0.0,0.0,0.0,
Jalen Bridges,23,PHO,SF,5,0,5.0,0.2,0.8,.250,0.2,0.8,.250,0.0,0.0,,.375,0.2,0.4,.500,0.0,0.6,0.6,0.0,0.0,0.0,0.8,0.0,0.8,
D.J. Carton,24,TOR,SG,4,0,8.3,0.3,1.8,.143,0.0,0.8,.000,0.3,1.0,.250,.143,0.3,0.3,1.000,0.0,1.0,1.0,0.8,0.5,0.0,1.0,0.3,0.8,
Josh Christopher,23,MIA,SG,8,0,3.5,0.3,0.9,.286,0.0,0.1,.000,0.3,0.8,.333,.286,0.3,0.5,.500,0.0,0.4,0.4,0.5,0.0,0.1,0.5,0.1,0.8,
RayJ Dennis,23,IND,PG,6,0,1.8,0.2,0.5,.333,0.2,0.5,.333,0.0,0.0,,.500,0.3,0.3,1.000,0.2,0.3,0.5,0.2,0.3,0.0,0.3,0.2,0.8,
PJ Dozier,28,MIN,SG,9,0,3.9,0.2,0.3,.667,0.2,0.3,.667,0.0,0.0,,1.000,0.1,0.7,.167,0.1,0.4,0.6,0.6,0.1,0.0,0.1,0.3,0.8,
James Johnson,37,IND,PF,10,0,3.2,0.4,0.9,.444,0.0,0.3,.000,0.4,0.6,.667,.444,0.0,0.1,.000,0.0,0.5,0.5,0.4,0.0,0.2,0.4,0.4,0.8,
Baylor Scheierman,24,BOS,SG,14,0,6.1,0.3,1.6,.174,0.1,1.1,.067,0.2,0.6,.375,.196,0.1,0.1,1.000,0.2,1.2,1.4,0.5,0.2,0.0,0.1,0.4,0.8,
Maxwell Lewis,22,BRK,SF,3,0,1.7,0.3,0.7,.500,0.3,0.3,1.000,0.0,0.3,.000,.750,0.0,0.0,,0.0,0.3,0.3,0.0,0.0,0.0,0.0,0.0,1.0,
Ulrich Chomche,19,TOR,PF,7,0,4.6,0.3,0.7,.400,0.0,0.0,,0.3,0.7,.400,.400,0.1,0.3,.500,0.6,0.6,1.1,0.3,0.0,0.1,0.3,0.7,0.7,
Liam Robbins,25,MIL,C,13,0,4.4,0.2,0.6,.250,0.0,0.2,.000,0.2,0.5,.333,.250,0.4,0.8,.500,0.5,0.4,0.9,0.2,0.2,0.2,0.5,0.7,0.7,
Cui Yongxi,21,BRK,SG,5,0,2.0,0.2,1.4,.143,0.0,0.6,.000,0.2,0.8,.250,.143,0.2,0.4,.500,0.0,0.4,0.4,0.0,0.0,0.0,0.0,0.0,0.6,
Garrett Temple,38,TOR,SG,17,0,3.9,0.2,0.9,.200,0.1,0.4,.143,0.1,0.5,.250,.233,0.2,0.2,1.000,0.1,0.5,0.6,0.6,0.4,0.1,0.2,0.4,0.6,
Stanley Umude,25,MIL,SG,19,0,3.2,0.2,1.1,.200,0.1,0.6,.182,0.1,0.5,.222,.250,0.1,0.2,.500,0.2,0.5,0.7,0.1,0.2,0.1,0.1,0.3,0.6,
Spencer Jones,23,DEN,SF,11,0,2.7,0.2,0.8,.222,0.1,0.5,.167,0.1,0.3,.333,.278,0.0,0.0,,0.2,0.3,0.5,0.0,0.3,0.0,0.2,0.4,0.5,
Tristen Newton,23,MIN,SG,3,0,2.7,0.0,0.7,.000,0.0,0.0,,0.0,0.7,.000,.000,0.0,0.0,,0.7,0.7,1.3,0.3,0.3,0.0,0.3,0.7,0.0,
Jacob Toppin,24,NYK,SF,16,0,3.1,0.2,0.6,.300,0.0,0.1,.000,0.2,0.5,.375,.300,0.0,0.0,,0.1,0.6,0.7,0.3,0.1,0.0,0.1,0.2,0.4,
Malevy Leons,25,OKC,SF,6,0,3.5,0.0,0.3,.000,0.0,0.2,.000,0.0,0.2,.000,.000,0.3,0.7,.500,0.2,0.3,0.5,0.2,0.0,0.0,0.2,0.7,0.3,
Daishen Nix,22,MIN,PG,3,0,4.3,0.0,0.3,.000,0.0,0.3,.000,0.0,0.0,,.000,0.3,0.7,.500,0.0,1.3,1.3,1.0,0.0,0.0,1.3,0.3,0.3,
Harrison Ingram,22,SAS,SF,2,0,5.5,0.0,1.0,.000,0.0,0.5,.000,0.0,0.5,.000,.000,0.0,0.0,,0.0,1.0,1.0,0.0,0.0,0.0,0.0,0.5,0.0,
Daniss Jenkins,23,DET,PG,4,0,2.0,0.0,1.0,.000,0.0,1.0,.000,0.0,0.0,,.000,0.0,0.0,,0.0,0.0,0.0,0.0,0.0,0.0,0.3,0.3,0.0,
Bobi Klintman,21,DET,SF,3,0,2.7,0.0,0.7,.000,0.0,0.3,.000,0.0,0.3,.000,.000,0.0,0.0,,0.0,0.7,0.7,0.3,0.0,0.0,0.0,0.7,0.0,
Mac McClung,26,ORL,SG,1,0,5.0,0.0,0.0,,0.0,0.0,,0.0,0.0,,,0.0,0.0,,0.0,1.0,1.0,2.0,0.0,0.0,0.0,0.0,0.0,
Jalen McDaniels,27,WAS,SF,2,0,3.5,0.0,0.0,,0.0,0.0,,0.0,0.0,,,0.0,0.0,,0.0,0.0,0.0,0.5,0.5,0.0,0.0,0.0,0.0,
Justin Minaya,25,POR,SF,6,0,3.0,0.0,0.2,.000,0.0,0.0,,0.0,0.2,.000,.000,0.0,0.0,,0.3,0.2,0.5,0.3,0.2,0.0,0.0,0.5,0.0,
Riley Minix,24,SAS,SF,1,0,7.0,0.0,1.0,.000,0.0,1.0,.000,0.0,0.0,,.000,0.0,0.0,,0.0,2.0,2.0,0.0,0.0,0.0,0.0,0.0,0.0,
Jahlil Okafor,29,IND,C,1,0,3.0,0.0,0.0,,0.0,0.0,,0.0,0.0,,,0.0,0.0,,0.0,1.0,1.0,1.0,0.0,0.0,0.0,0.0,0.0,
Chuma Okeke,26,PHI,PF,1,0,2.0,0.0,0.0,,0.0,0.0,,0.0,0.0,,,0.0,0.0,,0.0,1.0,1.0,0.0,0.0,0.0,0.0,0.0,0.0,
Zyon Pullin,23,MEM,SG,3,0,1.0,0.0,0.3,.000,0.0,0.0,,0.0,0.3,.000,.000,0.0,0.0,,0.0,0.0,0.0,0.0,0.0,0.0,0.0,0.0,0.0,
Cole Swider,25,DET,SF,2,0,6.5,0.0,2.5,.000,0.0,2.5,.000,0.0,0.0,,.000,0.0,0.0,,0.0,1.0,1.0,0.5,0.0,0.0,0.0,0.5,0.0,
